listing_id,title,category,price_fcfa,currency,neighborhood,city_region,bedrooms,surface_m2,date_posted_raw,url
6706003,Villa R+2 à vendre aux Almadies Titre Foncier,Maisons à vendre,330000000.00,XOF,Almadies,Dakar,5,314,"Aujourd'hui, 17:24",https://www.expat-dakar.com/annonce/villa-r2-a-vendre-aux-almadies-titre-foncier-6706003
6827403,Votre futur logement écologique à Bambilor,Maisons à vendre,40000000.00,XOF,Bambilor,Dakar,3,,"Aujourd'hui, 12:25",https://www.expat-dakar.com/annonce/votre-futur-logement-ecologique-a-bambilor-6827403
6736189,Villa à vendre R+3 à Sicap Keur Massar,Maisons à vendre,160000000.00,XOF,Keur Massar,Dakar,,,"26. mai, 15:10",https://www.expat-dakar.com/annonce/villa-a-vendre-r3-a-sicap-keur-massar-6736189
6827681,Maison à Vendre aux Parcelles Assainies Unité 11,Maisons à vendre,60000000.00,XOF,Parcelles Assainies,Dakar,7,200,"Aujourd'hui, 20:08",https://www.expat-dakar.com/annonce/maison-a-vendre-aux-parcelles-assainies-unite-11-6827681
6827149,Villa à vendre cité ALIOU SOW,Maisons à vendre,120000000.00,XOF,Golf,Dakar,3,150,"Hier, 22:04",https://www.expat-dakar.com/annonce/villa-a-vendre-cite-aliou-sow-6827149
6827050,Immeuble luxueux à vendre,Maisons à vendre,1800000000.00,XOF,Almadies,Dakar,24,605,"Hier, 17:07",https://www.expat-dakar.com/annonce/immeuble-luxueux-a-vendre-6827050
6752266,Villa à vendre,Maisons à vendre,70000000.00,XOF,Mbao,Dakar,8,250,"Hier, 15:55",https://www.expat-dakar.com/annonce/villa-a-vendre-6752266
6826922,Villa basse de 370m2 à vendre a liberté 6,Maisons à vendre,260000000.00,XOF,Liberte 6,Dakar,4,370,"Hier, 13:25",https://www.expat-dakar.com/annonce/villa-basse-de-370m2-a-vendre-a-liberte-6-6826922
6826532,IMMEUBLE R+1 A FINIR EN VENTE A LA CITE TACO RUFISQUE,Maisons à vendre,90000000.00,XOF,Rufisque,Dakar,,,"Hier, 09:01",https://www.expat-dakar.com/annonce/immeuble-r1-a-finir-en-vente-a-la-cite-taco-rufisque-6826532
6826521,R+8 Immeuble À vendre/VDN,Maisons à vendre,1300000000.00,XOF,Liberte 6 extension,Dakar,32,250,"mercredi, 21:54",https://www.expat-dakar.com/annonce/r8-immeuble-a-vendrevdn-6826521
6823604,À vendre une villa R+1 à Zac Mbao,Maisons à vendre,90000000.00,XOF,Mbao,Dakar,4,150,"mercredi, 21:50",https://www.expat-dakar.com/annonce/a-vendre-une-villa-r1-a-zac-mbao-6823604
6678386,Maison de 100m² a vendre somone,Maisons à vendre,52000000.00,XOF,Somone,Thiès,2,100,"mercredi, 10:20",https://www.expat-dakar.com/annonce/maison-de-100m2-a-vendre-somone-6678386
6813721,Villa d’angle neuve à vendre aux Almadies,Maisons à vendre,700000000.00,XOF,Almadies,Dakar,7,300,"mercredi, 09:16",https://www.expat-dakar.com/annonce/villa-dangle-neuve-a-vendre-aux-almadies-6813721
6288767,Villa F4 en location vente sur 10 ans à Ndiakhirate,Maisons à vendre,45000000.00,XOF,Ndiakhirate,Dakar,3,,"mardi, 16:16",https://www.expat-dakar.com/annonce/villa-f4-en-location-vente-sur-10-ans-a-ndiakhirate-6288767
6283039,Ref_6190_GL Villa à vendre à Ngor,Maisons à vendre,385000000.00,XOF,Ngor,Dakar,,500,"lundi, 17:05",https://www.expat-dakar.com/annonce/ref-6190-gl-villa-a-vendre-a-ngor-6283039
6820274,Ref_6198_GL Villa de 214 m² à vendre à la cité Horizon,Maisons à vendre,350000.00,XOF,VDN,Dakar,4,214,"lundi, 17:05",https://www.expat-dakar.com/annonce/ref-6198-gl-villa-de-214-m2-a-vendre-a-la-cite-horizon-6820274
6663574,Villa à vendre à Keur Massar,Maisons à vendre,110000000.00,XOF,Keur Massar,Dakar,,150,"lundi, 13:48",https://www.expat-dakar.com/annonce/villa-a-vendre-a-keur-massar-6663574
6825162,Villa à vendre à NGUERIGNE,Maisons à vendre,125000000.00,XOF,Nguering,Thiès,4,500,"lundi, 12:55",https://www.expat-dakar.com/annonce/villa-a-vendre-a-nguerigne-6825162
6590552,Cite fadia commercialle sur la route de BRT R+3,Maisons à vendre,350000000.00,XOF,Golf,Dakar,,,"lundi, 11:09",https://www.expat-dakar.com/annonce/cite-fadia-commercialle-sur-la-route-de-brt-r3-6590552
6707664,villa à Saly – en face de Diambar à vendre,Maisons à vendre,320000000.00,XOF,Saly,Thiès,,,"28. juil., 09:24",https://www.expat-dakar.com/annonce/villa-a-saly-en-face-de-diambar-a-vendre-6707664
6824790,Villa a vendre r+3  mamelles,Maisons à vendre,160000000.00,XOF,Mamelles,Dakar,5,160,"lundi, 08:35",https://www.expat-dakar.com/annonce/villa-a-vendre-r3-mamelles-6824790
6366001,De belles villas à vendre à Sacré Cœur Vdn,Maisons à vendre,80000000.00,XOF,VDN,Dakar,5,175,"dimanche, 23:41",https://www.expat-dakar.com/annonce/de-belles-villas-a-vendre-a-sacre-coeur-vdn-6366001
6812421,Villa a vendre ouakam cite assemblée nationale,Maisons à vendre,70000000.00,XOF,Ouakam,Dakar,4,100,"samedi, 13:10",https://www.expat-dakar.com/annonce/villa-a-vendre-ouakam-cite-assemblee-nationale-6812421
6601718,Villa à vendre à la SICAP Liberté 1,Maisons à vendre,310000000.00,XOF,Sicap Liberté,Dakar,,323,"vendredi, 17:15",https://www.expat-dakar.com/annonce/villa-a-vendre-a-la-sicap-liberte-1-6601718
6807976,A vendre Villa a Nord Foire,Maisons à vendre,250000000.00,XOF,Nord foire,Dakar,7,354,"vendredi, 15:08",https://www.expat-dakar.com/annonce/a-vendre-villa-a-nord-foire-6807976
6823869,MAISON R+1 CITE ASECNA YEUMBEUL,Maisons à vendre,70000000.00,XOF,Yeumbeul,Dakar,10,170,"vendredi, 12:28",https://www.expat-dakar.com/annonce/maison-r1-cite-asecna-yeumbeul-6823869
6753039,32000000,Maisons à vendre,32000000.00,XOF,Tivaouane peulh,Dakar,3,150,"vendredi, 04:12",https://www.expat-dakar.com/annonce/32000000-6753039
6783739,Belle Villa À Vendre/VDN,Maisons à vendre,350000000.00,XOF,Ouest foire,Dakar,6,255,"dimanche, 14:33",https://www.expat-dakar.com/annonce/belle-villa-a-vendrevdn-6783739
6823585,Maison 320m2 angle a vendre au virage,Maisons à vendre,320000000.00,XOF,Virage,Dakar,5,320,"jeudi, 20:51",https://www.expat-dakar.com/annonce/maison-320m2-angle-a-vendre-au-virage-6823585
6823581,Maison habitable ou terrain 1100m2,Maisons à vendre,1100000000.00,XOF,Virage,Dakar,5,1100,"mercredi, 10:56",https://www.expat-dakar.com/annonce/maison-habitable-ou-terrain-1100m2-6823581
6823493,Ref_9080_GL — Villas F5 à vendre à Saly Gandigal,Maisons à vendre,150000000.00,XOF,Saly,Thiès,3,400,"jeudi, 16:20",https://www.expat-dakar.com/annonce/ref-9080-gl-villas-f5-a-vendre-a-saly-gandigal-6823493
6823269,Belle Villa à vendre à la Cité Tobago VDN,Maisons à vendre,300000000.00,XOF,VDN,Dakar,4,250,"jeudi, 11:49",https://www.expat-dakar.com/annonce/belle-villa-a-vendre-a-la-cite-tobago-vdn-6823269
6779298,Villa R+1 Angle en vente a Sicap liberté 3,Maisons à vendre,125000000.00,XOF,Sicap Liberté,Dakar,5,120,"jeudi, 10:28",https://www.expat-dakar.com/annonce/villa-r1-angle-en-vente-a-sicap-liberte-3-6779298
6822962,Maison à vendre,Maisons à vendre,75000000.00,XOF,Bambilor,Dakar,3,239,"jeudi, 08:50",https://www.expat-dakar.com/annonce/maison-a-vendre-6822962
6822624,Maison R+1 à vendre à Zac Mbao,Maisons à vendre,90000000.00,XOF,Zac Mbao,Dakar,,200,"mercredi, 12:10",https://www.expat-dakar.com/annonce/maison-r1-a-vendre-a-zac-mbao-6822624
6821623,Villa à démolir à vendre à la Sicap Baobap,Maisons à vendre,290000000.00,XOF,Sicap baobab,Dakar,,339,"mardi, 17:06",https://www.expat-dakar.com/annonce/villa-a-demolir-a-vendre-a-la-sicap-baobap-6821623
6720358,Villa TF individuel à vendre,Maisons à vendre,35000000.00,XOF,Mbao,Dakar,2,150,"mardi, 16:24",https://www.expat-dakar.com/annonce/villa-tf-individuel-a-vendre-6720358
6637555,MAISON A VENDRE SOMONE EXTENSION,Maisons à vendre,160000000.00,XOF,Somone,Thiès,5,280,"mardi, 16:21",https://www.expat-dakar.com/annonce/maison-a-vendre-somone-extension-6637555
6335999,Maison à vendre,Maisons à vendre,37000000.00,XOF,Mbao,Dakar,4,168,"mardi, 16:21",https://www.expat-dakar.com/annonce/maison-a-vendre-6335999
6677519,Vaste villa à vendre Sindia,Maisons à vendre,35000000.00,XOF,Sindia,Thiès,3,400,"mardi, 16:03",https://www.expat-dakar.com/annonce/vaste-villa-a-vendre-sindia-6677519
6534511,VILLA R+1 à Vendre  253 mètre carré Cité Al bazar Zac mbaw,Maisons à vendre,155000000.00,XOF,Zac Mbao,Dakar,7,253,"lundi, 21:23",https://www.expat-dakar.com/annonce/villa-r1-a-vendre-253-metre-carre-cite-al-bazar-zac-mbaw-6534511
6783019,Villa à  vendre à  ZAC Mbao,Maisons à vendre,95000000.00,XOF,Zac Mbao,Dakar,,,"lundi, 17:24",https://www.expat-dakar.com/annonce/villa-a-vendre-a-zac-mbao-6783019
6783050,Villa à vendre à Zac Mbao,Maisons à vendre,66000000.00,XOF,Zac Mbao,Dakar,,,"lundi, 17:24",https://www.expat-dakar.com/annonce/villa-a-vendre-a-zac-mbao-6783050
6713132,IMMEUBLE NEUF R+8 AVEC SOUS-SOL À VENDRE – NGOR / ALMADIES,Maisons à vendre,1100000000.00,XOF,Dakar,Dakar,5,276,"lundi, 16:51",https://www.expat-dakar.com/annonce/immeuble-neuf-r8-avec-sous-sol-a-vendre-ngor-almadies-6713132
6713091,IMMEUBLE NEUF R+5 DE LUXE AUX ALMADIES – OPPORTUNITÉ UNIQUE,Maisons à vendre,730000000.00,XOF,Almadies,Dakar,3,200,"lundi, 16:51",https://www.expat-dakar.com/annonce/immeuble-neuf-r5-de-luxe-aux-almadies-opportunite-unique-6713091
6820268,maison à vendre à thiaroye azur,Maisons à vendre,60000000.00,XOF,Pikine,Dakar,3,150,"lundi, 16:41",https://www.expat-dakar.com/annonce/maison-a-vendre-a-thiaroye-azur-6820268
6793191,MAISON R+1 150 m2 KOUNOUNE,Maisons à vendre,80000000.00,XOF,Kounoune,Dakar,,150,"dimanche, 15:46",https://www.expat-dakar.com/annonce/maison-r1-150-m2-kounoune-6793191
6698744,Villa R+2 TF à vendre à Kounoune dans une cité fermée,Maisons à vendre,62000000.00,XOF,Kounoune,Dakar,5,150,"dimanche, 09:56",https://www.expat-dakar.com/annonce/villa-r2-tf-a-vendre-a-kounoune-dans-une-cite-fermee-6698744
6757562,Maison à vendre,Maisons à vendre,100000000.00,XOF,Ngor,Dakar,,150,"samedi, 00:44",https://www.expat-dakar.com/annonce/maison-a-vendre-6757562
6505016,Vente Villa Cité Biagui /Produit atypique à gros potentiel.,Maisons à vendre,295000000.00,XOF,Cité biagui,Dakar,5,300,"7. août, 14:38",https://www.expat-dakar.com/annonce/vente-villa-cite-biagui-produit-atypique-a-gros-potentiel-6505016
6479051,"Villa Senegindia R+1,  TF,  204m2",Maisons à vendre,125000000.00,XOF,Dakar,Dakar,3,,"7. août, 13:08",https://www.expat-dakar.com/annonce/villa-senegindia-r1-tf-204m2-6479051
6450205,Maison à finir à Saly Vélingara - derrière Jambar,Maisons à vendre,34000000.00,XOF,Saly,Thiès,,,"7. août, 06:08",https://www.expat-dakar.com/annonce/maison-a-finir-a-saly-velingara-derriere-jambar-6450205
6780491,Résidence California – Immeuble R+5 (Aux Almadies),Maisons à vendre,5000000000.00,XOF,Almadies,Dakar,20,2167,"3. juil., 10:57",https://www.expat-dakar.com/annonce/residence-california-immeuble-r5-aux-almadies-6780491
5750059,Immeuble R+4 à Keur Yoff. A côté des Résidences Ataya,Maisons à vendre,290000000.00,XOF,Hlm grand-yoff,Dakar,,,"6. août, 09:45",https://www.expat-dakar.com/annonce/immeuble-r4-a-keur-yoff-a-cote-des-residences-ataya-5750059
6816833,Villa a vendre à Zac Mbao,Maisons à vendre,0.00,XOF,Zac Mbao,Dakar,,,"6. août, 09:31",https://www.expat-dakar.com/annonce/villa-a-vendre-a-zac-mbao-6816833
6816060,A vendre villa R+1 avec Piscine à Saly,Maisons à vendre,179500000.00,XOF,Saly Portudal,Thiès,3,515,"5. août, 13:16",https://www.expat-dakar.com/annonce/a-vendre-villa-r1-avec-piscine-a-saly-6816060
6788970,🏡 Maison à vendre – spacieuse,Maisons à vendre,65000000.00,XOF,Saly,Thiès,5,300,"lundi, 09:16",https://www.expat-dakar.com/annonce/maison-a-vendre-spacieuse-6788970
6815766,VILLA À NIANING / PETITE COTE,Maisons à vendre,90000000.00,XOF,Nianing,Thiès,5,600,"5. août, 11:07",https://www.expat-dakar.com/annonce/villa-a-nianing-petite-cote-6815766
6814983,Villa basse angle à la sicap karack,Maisons à vendre,180000000.00,XOF,Point-e,Dakar,,215,"5. août, 10:36",https://www.expat-dakar.com/annonce/villa-basse-angle-a-la-sicap-karack-6814983
6715057,Villa TF Sipres Cap des Biches,Maisons à vendre,90000000.00,XOF,Mbao,Dakar,4,300,"4. août, 14:42",https://www.expat-dakar.com/annonce/villa-tf-sipres-cap-des-biches-6715057
6715607,"Villa spacieuse Sipres 4, Ouest Foire en TF",Maisons à vendre,180000000.00,XOF,Ouest foire,Dakar,3,300,"4. août, 14:42",https://www.expat-dakar.com/annonce/villa-spacieuse-sipres-4-ouest-foire-en-tf-6715607
6715604,"Villa Sipres Al Azhar 4ch, TF sur 225m²",Maisons à vendre,175000000.00,XOF,Mbao,Dakar,4,224,"4. août, 14:39",https://www.expat-dakar.com/annonce/villa-sipres-al-azhar-4ch-tf-sur-225m2-6715604
6336540,VILLA R+3 OUAKAM CITE AVION,Maisons à vendre,80000000.00,XOF,Cité avion,Dakar,8,200,"3. août, 14:44",https://www.expat-dakar.com/annonce/villa-r3-ouakam-cite-avion-6336540
6689982,Villa cité SIPRES Al Ahzard de Zac MBAO sortie 9,Maisons à vendre,165000000.00,XOF,Zac Mbao,Dakar,6,253,"3. août, 14:20",https://www.expat-dakar.com/annonce/villa-cite-sipres-al-ahzard-de-zac-mbao-sortie-9-6689982
6541254,Villa neuve avec BAIL favorable à Ngaparou Terrain 1035 m²,Maisons à vendre,175000000.00,XOF,Ngaparou,Thiès,3,1035,"2. août, 19:27",https://www.expat-dakar.com/annonce/villa-neuve-avec-bail-favorable-a-ngaparou-terrain-1035-m2-6541254
6812663,Maison à vendre Sipres 5 cap des biches Mbao,Maisons à vendre,65000000.00,XOF,Mbao,Dakar,,153,"2. août, 14:00",https://www.expat-dakar.com/annonce/maison-a-vendre-sipres-5-cap-des-biches-mbao-6812663
6560746,Villa coquette à vendre,Maisons à vendre,345000000.00,XOF,Virage,Dakar,4,246,"1. août, 18:23",https://www.expat-dakar.com/annonce/villa-coquette-a-vendre-6560746
6811715,TERRAIN À VENDRE À SAINT LOUIS,Maisons à vendre,40000000.00,XOF,Sicap Sacré-cœur,Dakar,2,1800,"mardi, 19:42",https://www.expat-dakar.com/annonce/terrain-a-vendre-a-saint-louis-6811715
6779419,Ref_6244_PL – Jolie villa en duplex à vendre à Ngaparou,Maisons à vendre,65000000.00,XOF,Ngaparou,Thiès,3,,"31. juil., 13:13",https://www.expat-dakar.com/annonce/ref-6244-pl-jolie-villa-en-duplex-a-vendre-a-ngaparou-6779419
6396152,Villa R+1 d’Exception à Almadies 2 à vendre,Maisons à vendre,95000000.00,XOF,Almadies 2,Dakar,4,175,"29. juin, 11:41",https://www.expat-dakar.com/annonce/villa-r1-dexception-a-almadies-2-a-vendre-6396152
6764093,Jolie villa à vendre sur keur MASSAR unité 11,Maisons à vendre,50000000.00,XOF,Keur Massar,Dakar,6,150,"30. juil., 13:01",https://www.expat-dakar.com/annonce/jolie-villa-a-vendre-sur-keur-massar-unite-11-6764093
6809833,Double case à vendre en plein cœur de saly,Maisons à vendre,169000000.00,XOF,Saly,Thiès,4,889,"30. juil., 07:15",https://www.expat-dakar.com/annonce/double-case-a-vendre-en-plein-coeur-de-saly-6809833
6808362,Opportunités inédites Fann Residence,Maisons à vendre,1800000000.00,XOF,Fann,Dakar,,1150,"29. juil., 17:26",https://www.expat-dakar.com/annonce/opportunites-inedites-fann-residence-6808362
6809327,VENTE VILLA F3 -F4 à (Gorom & Kr Moussa) Paiement /mois,Maisons à vendre,0.00,XOF,Rufisque,Dakar,2,150,"29. juil., 14:41",https://www.expat-dakar.com/annonce/vente-villa-f3-f4-a-gorom-kr-moussa-paiement-mois-6809327
6761737,Villa à vendre à la cité Sonacos de Rufisque,Maisons à vendre,60000000.00,XOF,Mbao,Dakar,,,"29. juil., 11:26",https://www.expat-dakar.com/annonce/villa-a-vendre-a-la-cite-sonacos-de-rufisque-6761737
6791858,Maison gros œuvre 2 étages avec garage intégré,Maisons à vendre,60000000.00,XOF,Rufisque,Dakar,3,150,"4. août, 23:47",https://www.expat-dakar.com/annonce/maison-gros-oeuvre-2-etages-avec-garage-integre-6791858
6578594,Maison à vendre vue sur mer,Maisons à vendre,155000000.00,XOF,Popenguine,Thiès,7,467,"27. juil., 16:17",https://www.expat-dakar.com/annonce/maison-a-vendre-vue-sur-mer-6578594
6806617,Ref_6246_PL – Villa R+1 à vendre à HLM Grand Médine,Maisons à vendre,150000000.00,XOF,HLM Grand Médine,Dakar,4,138,"27. juil., 13:51",https://www.expat-dakar.com/annonce/ref-6246-pl-villa-r1-a-vendre-a-hlm-grand-medine-6806617
6806449,Villa à vendre sacré cœur 3,Maisons à vendre,220000000.00,XOF,Sacré-cœur,Dakar,5,210,"mercredi, 13:51",https://www.expat-dakar.com/annonce/villa-a-vendre-sacre-coeur-3-6806449
6429220,TERRAIN,Maisons à vendre,100000.00,XOF,Keur Massar,Dakar,,6430,"27. juil., 12:21",https://www.expat-dakar.com/annonce/terrain-6429220
6331457,villa à vendre ngor,Maisons à vendre,750000000.00,XOF,Ngor,Dakar,3,443,"27. juil., 12:21",https://www.expat-dakar.com/annonce/villa-a-vendre-ngor-6331457
6514075,Ref_6223_GL Villa de 374m² à vendre à Biagui Virage,Maisons à vendre,400000000.00,XOF,Virage,Dakar,8,374,"27. juil., 11:20",https://www.expat-dakar.com/annonce/ref-6223-gl-villa-de-374m2-a-vendre-a-biagui-virage-6514075
6555085,Grande Villa  r+1 à vendre à keur ndiaye lo,Maisons à vendre,80000000.00,XOF,Keur ndiaye lô,Dakar,8,400,"25. juil., 18:11",https://www.expat-dakar.com/annonce/grande-villa-r1-a-vendre-a-keur-ndiaye-lo-6555085
6744725,Villa à vendre aux Almadie Ngor derrière Philippe Moris,Maisons à vendre,420000000.00,XOF,Almadies,Dakar,5,300,"dimanche, 10:09",https://www.expat-dakar.com/annonce/villa-a-vendre-aux-almadie-ngor-derriere-philippe-moris-6744725
6802673,Villa de 324m2 sicap Liberte 1,Maisons à vendre,240000000.00,XOF,Liberte 1,Dakar,,,"25. juil., 08:38",https://www.expat-dakar.com/annonce/villa-de-324m2-sicap-liberte-1-6802673
6804175,Belles Villa a vendre au Lac Rose,Maisons à vendre,32000000.00,XOF,Lac Rose,Dakar,,150,"24. juil., 17:29",https://www.expat-dakar.com/annonce/belles-villa-a-vendre-au-lac-rose-6804175
6803602,Maison à vendre à diamnadio,Maisons à vendre,65000000.00,XOF,Diamniadio,Dakar,5,300,"24. juil., 10:14",https://www.expat-dakar.com/annonce/maison-a-vendre-a-diamnadio-6803602
6794550,VILLA F3 A VENDRE  RESIDENCE FANAILA LAC ROSE,Maisons à vendre,48000000.00,XOF,Lac Rose,Dakar,,150,"16. juil., 16:12",https://www.expat-dakar.com/annonce/villa-f3-a-vendre-residence-fanaila-lac-rose-6794550
6794561,VILLA F5 PREMIUM  A VENDRE RESIDENCE FANAILA LAC ROSE,Maisons à vendre,115000000.00,XOF,Lac Rose,Dakar,4,150,"16. juil., 16:54",https://www.expat-dakar.com/annonce/villa-f5-premium-a-vendre-residence-fanaila-lac-rose-6794561
6801360,VILLA ANGLE R+2 FORT POTENTIEL COMMERCIAL – TF INDIVIDUEL,Maisons à vendre,110000000.00,XOF,Keur Massar,Dakar,,172,"23. juil., 08:52",https://www.expat-dakar.com/annonce/villa-angle-r2-fort-potentiel-commercial-tf-individuel-6801360
6632042,Villa à vendre sur Popenguine,Maisons à vendre,160000000.00,XOF,Popenguine,Thiès,8,170,"22. juil., 15:23",https://www.expat-dakar.com/annonce/villa-a-vendre-sur-popenguine-6632042
6801144,Villa a vendre a Liberté 2,Maisons à vendre,190000000.00,XOF,Liberte 2,Dakar,6,,"22. juil., 15:21",https://www.expat-dakar.com/annonce/villa-a-vendre-a-liberte-2-6801144
6800980,Ref_4209_GL Immeuble R+2 A VENDRE aux Mamelles,Maisons à vendre,400000000.00,XOF,Mamelles,Dakar,,301,"22. juil., 13:19",https://www.expat-dakar.com/annonce/ref-4209-gl-immeuble-r2-a-vendre-aux-mamelles-6800980
6799997,Maison à vendre Face VDN Ouest Foire,Maisons à vendre,375000000.00,XOF,Dakar,Dakar,10,200,"22. juil., 08:47",https://www.expat-dakar.com/annonce/maison-a-vendre-face-vdn-ouest-foire-6799997
6800064,Villa R+1 à vendre à Bambilor dans une zone securisee,Maisons à vendre,67000000.00,XOF,Bambilor,Dakar,4,300,"22. juil., 00:28",https://www.expat-dakar.com/annonce/villa-r1-a-vendre-a-bambilor-dans-une-zone-securisee-6800064
6649484,Titre foncier,Maisons à vendre,160000000.00,XOF,Saint-Louis,Saint-Louis,8,413,"21. juil., 12:50",https://www.expat-dakar.com/annonce/titre-foncier-6649484
6419820,Jolie maison à vendre OUEST FOIRE,Maisons à vendre,115000000.00,XOF,Ouest foire,Dakar,6,206,"21. juil., 12:04",https://www.expat-dakar.com/annonce/jolie-maison-a-vendre-ouest-foire-6419820
6798334,Villa à vendre emplacement d'exception à Somone,Maisons à vendre,700000000.00,XOF,Somone,Thiès,4,2960,"20. juil., 14:26",https://www.expat-dakar.com/annonce/villa-a-vendre-emplacement-dexception-a-somone-6798334
6759985,Maison AV – Parcelles Assainies U10 (vente directe),Maisons à vendre,85000000.00,XOF,Parcelles Assainies,Dakar,,150,"15. juin, 14:00",https://www.expat-dakar.com/annonce/maison-av-parcelles-assainies-u10-vente-directe-6759985
6732286,Maison à vendre sur bambilor en Vefa,Maisons à vendre,4500000.00,XOF,Bambilor,Dakar,3,150,"2. juin, 10:18",https://www.expat-dakar.com/annonce/maison-a-vendre-sur-bambilor-en-vefa-6732286
6732281,Opportunité Villa meublée à Ngaparou,Maisons à vendre,550000000.00,XOF,Ngaparou,Thiès,5,2000,"18. juil., 14:20",https://www.expat-dakar.com/annonce/opportunite-villa-meublee-a-ngaparou-6732281
6566802,Villa angle tf A vendre mermoz,Maisons à vendre,399000000.00,XOF,Ngor,Dakar,5,341,"18. juil., 09:14",https://www.expat-dakar.com/annonce/villa-angle-tf-a-vendre-mermoz-6566802
6580240,Immeuble R+8 À vendre CPI/vdn,Maisons à vendre,1290000000.00,XOF,Liberte 6 extension,Dakar,24,250,"18. juil., 09:14",https://www.expat-dakar.com/annonce/immeuble-r8-a-vendre-cpivdn-6580240
6795967,Maison R+2 Cité Douane Golf Océan,Maisons à vendre,115000000.00,XOF,Golf,Dakar,9,150,"17. juil., 23:47",https://www.expat-dakar.com/annonce/maison-r2-cite-douane-golf-ocean-6795967
6703055,Villa R+1  à vendre allée milliardaire derriere Saly Center,Maisons à vendre,98000000.00,XOF,Saly,Thiès,,300,"17. juil., 15:44",https://www.expat-dakar.com/annonce/villa-r1-a-vendre-allee-milliardaire-derriere-saly-center-6703055
6790403,Propriétaire vend superbe villa a Saly,Maisons à vendre,65000000.00,XOF,Saly,Thiès,5,150,"17. juil., 10:51",https://www.expat-dakar.com/annonce/proprietaire-vend-superbe-villa-a-saly-6790403
6669793,Magnifique villa à vendre sur OUEST FOIRE,Maisons à vendre,115000000.00,XOF,Ouest foire,Dakar,8,150,"17. juil., 08:13",https://www.expat-dakar.com/annonce/magnifique-villa-a-vendre-sur-ouest-foire-6669793
6329589,Magnifique villa Cité doudou basse Rufisque,Maisons à vendre,69000000.00,XOF,Rufisque,Dakar,5,200,"17. juil., 08:10",https://www.expat-dakar.com/annonce/magnifique-villa-cite-doudou-basse-rufisque-6329589
6794851,Maison de 600 mètre carrés à vendre sur Kaolack,Maisons à vendre,12000000.00,XOF,Kahone,Kaolack,5,600,"17. juil., 03:21",https://www.expat-dakar.com/annonce/maison-de-600-metre-carres-a-vendre-sur-kaolack-6794851
6794565,À vendre – Superbe villa  sur un terrain de  150 m² à Sally,Maisons à vendre,130000000.00,XOF,Saly,Thiès,4,150,"30. juil., 12:45",https://www.expat-dakar.com/annonce/a-vendre-superbe-villa-sur-un-terrain-de-150-m2-a-sally-6794565
6784346,"🏝️ ÎLE DE NGOR – UN LIEU DE VIE, UN INVESTISSEMENT*",Maisons à vendre,375000000.00,XOF,Ngor,Dakar,8,460,"16. juil., 11:21",https://www.expat-dakar.com/annonce/ile-de-ngor-un-lieu-de-vie-un-investissement-6784346
6697740,Opportunité vente flash,Maisons à vendre,345000000.00,XOF,Virage,Dakar,5,330,"16. juil., 10:52",https://www.expat-dakar.com/annonce/opportunite-vente-flash-6697740
6351283,IMMEUBLE DE 150 m2 angle R+3,Maisons à vendre,200000000.00,XOF,Guediawaye,Dakar,,150,"15. juil., 23:10",https://www.expat-dakar.com/annonce/immeuble-de-150-m2-angle-r3-6351283
6289321,MAISON DE 224 m2 A VENDRE BEN TALY,Maisons à vendre,160000000.00,XOF,Grand-Dakar,Dakar,,224,"15. juil., 23:08",https://www.expat-dakar.com/annonce/maison-de-224-m2-a-vendre-ben-taly-6289321
6792934,VILLA A VENDRE AUX ALMADIES,Maisons à vendre,675000000.00,XOF,Almadies,Dakar,7,280,"15. juil., 16:13",https://www.expat-dakar.com/annonce/villa-a-vendre-aux-almadies-6792934
6479007,"Villa R + 1, 225 m2,  Cité Ridwan,  M'Bao TF",Maisons à vendre,150000000.00,XOF,Dakar,Dakar,3,225,"15. juil., 13:16",https://www.expat-dakar.com/annonce/villa-r-1-225-m2-cite-ridwan-mbao-tf-6479007
6626611,Maison ( F4 R+1) à vendre - Diamniadio,Maisons à vendre,150000001.00,XOF,Diamniadio,Dakar,3,300,"Aujourd'hui, 12:24",https://www.expat-dakar.com/annonce/maison-f4-r1-a-vendre-diamniadio-6626611
6704589,Villa à vendre  Saly ( quartier Niakh-nikhal),Maisons à vendre,58500000.00,XOF,Saly,Thiès,4,110,"28. avr., 17:17",https://www.expat-dakar.com/annonce/villa-a-vendre-saly-quartier-niakh-nikhal-6704589
6761792,Belle Villa avec piscine a Somone,Maisons à vendre,120532000.00,XOF,Somone,Thiès,3,604,"16. juin, 17:24",https://www.expat-dakar.com/annonce/belle-villa-avec-piscine-a-somone-6761792
6789867,Belle villa à vendre haut standing à Somone,Maisons à vendre,220000000.00,XOF,Somone,Thiès,5,,"20. juil., 15:54",https://www.expat-dakar.com/annonce/belle-villa-a-vendre-haut-standing-a-somone-6789867
6711427,Villa à vendre à Diamniadio,Maisons à vendre,180000000.00,XOF,Diamniadio,Dakar,,,"13. juil., 11:10",https://www.expat-dakar.com/annonce/villa-a-vendre-a-diamniadio-6711427
6712973,Immeuble a vendre aux Mamelles,Maisons à vendre,425000000.00,XOF,Mamelles,Dakar,,,"10. juil., 13:33",https://www.expat-dakar.com/annonce/immeuble-a-vendre-aux-mamelles-6712973
6721243,Villa R+1 angle a vendre a Nord Foire,Maisons à vendre,170000000.00,XOF,Nord foire,Dakar,,200,"15. mai, 15:38",https://www.expat-dakar.com/annonce/villa-r1-angle-a-vendre-a-nord-foire-6721243
6668784,Magnifique Villa à vendre à Diamniadio,Maisons à vendre,80000000.00,XOF,Diamniadio,Dakar,6,150,"10. juil., 10:30",https://www.expat-dakar.com/annonce/magnifique-villa-a-vendre-a-diamniadio-6668784
6785642,Villa R+1 à démolir castor,Maisons à vendre,100000000.00,XOF,Castor,Dakar,,160,"8. juil., 15:55",https://www.expat-dakar.com/annonce/villa-r1-a-demolir-castor-6785642
6785581,Villa Angle 300m2 VDN,Maisons à vendre,370000000.00,XOF,VDN,Dakar,,,"8. juil., 14:17",https://www.expat-dakar.com/annonce/villa-angle-300m2-vdn-6785581
6785555,Ref_6245_GL Villa Duplex avec Vue sur Mer à Vendre – Yène,Maisons à vendre,400000000.00,XOF,Yene,Dakar,4,720,"8. juil., 13:57",https://www.expat-dakar.com/annonce/ref-6245-gl-villa-duplex-avec-vue-sur-mer-a-vendre-yene-6785555
6785291,VILLA R+1 À SOMONE,Maisons à vendre,105000000.00,XOF,Somone,Thiès,6,300,"11. juil., 11:43",https://www.expat-dakar.com/annonce/villa-r1-a-somone-6785291
6784432,Villa R+2 mamelles,Maisons à vendre,140000000.00,XOF,Mamelles,Dakar,5,150,"7. juil., 16:04",https://www.expat-dakar.com/annonce/villa-r2-mamelles-6784432
6784427,Villa de 155m2 à Guediawaye,Maisons à vendre,65000000.00,XOF,Guediawaye,Dakar,,155,"7. juil., 15:22",https://www.expat-dakar.com/annonce/villa-de-155m2-a-guediawaye-6784427
6783558,Villa à vendre à Ngaparou,Maisons à vendre,199000000.00,XOF,Ngaparou,Thiès,4,975,"7. juil., 07:15",https://www.expat-dakar.com/annonce/villa-a-vendre-a-ngaparou-6783558
6692384,Villa neuve meublée de 500m2 à vendre à Mboro,Maisons à vendre,49500000.00,XOF,Mboro,Thiès,6,500,"29. avr., 20:52",https://www.expat-dakar.com/annonce/villa-neuve-meublee-de-500m2-a-vendre-a-mboro-6692384
6498681,Magnifique VILLA A VENDRE AU MAMEL,Maisons à vendre,250000000.00,XOF,Mamelles,Dakar,8,160,"6. juil., 11:44",https://www.expat-dakar.com/annonce/magnifique-villa-a-vendre-au-mamel-6498681
6774355,Magnifique villa à vendre Saly Center,Maisons à vendre,200000000.00,XOF,Saly,Thiès,3,,"5. juil., 11:02",https://www.expat-dakar.com/annonce/magnifique-villa-a-vendre-saly-center-6774355
6767006,Belle Maison Face à la Mer à Mboro,Maisons à vendre,15000000.00,XOF,Mboro,Thiès,3,350,"3. juil., 16:06",https://www.expat-dakar.com/annonce/belle-maison-face-a-la-mer-a-mboro-6767006
6779729,Immeuble R+2 à vendre,Maisons à vendre,210000000.00,XOF,Mermoz,Dakar,8,150,"2. juil., 18:17",https://www.expat-dakar.com/annonce/immeuble-r2-a-vendre-6779729
6779208,A VENDRE 350 M2  TF A POINT E,Maisons à vendre,350000000.00,XOF,Point-e,Dakar,5,350,"2. juil., 09:31",https://www.expat-dakar.com/annonce/a-vendre-350-m2-tf-a-point-e-6779208
6779140,A VENDRE 1100 M2 TF A FANN RESIDENCE,Maisons à vendre,1900000000.00,XOF,Fann,Dakar,6,1100,"2. juil., 08:59",https://www.expat-dakar.com/annonce/a-vendre-1100-m2-tf-a-fann-residence-6779140
6778602,VILLA R+4 À VENDRE À OUEST FOIRE,Maisons à vendre,400000000.00,XOF,Ouest foire,Dakar,9,158,"2. juil., 11:04",https://www.expat-dakar.com/annonce/villa-r4-a-vendre-a-ouest-foire-6778602
6779299,Immeuble à vendre sur la Vdn (en face Siège Pds),Maisons à vendre,1800000000.00,XOF,VDN,Dakar,,,"2. juil., 11:00",https://www.expat-dakar.com/annonce/immeuble-a-vendre-sur-la-vdn-en-face-siege-pds-6779299
6778725,A VENDRE UNE ANCIENNE VILLA DE 329 M2 A BAOBAB,Maisons à vendre,275000000.00,XOF,Sicap baobab,Dakar,5,329,"2. juil., 02:02",https://www.expat-dakar.com/annonce/a-vendre-une-ancienne-villa-de-329-m2-a-baobab-6778725
6778691,Villa de Prestige avec Vue Mer à Yoff Virage,Maisons à vendre,799500000.00,XOF,Yoff,Dakar,5,500,"1. juil., 21:17",https://www.expat-dakar.com/annonce/villa-de-prestige-avec-vue-mer-a-yoff-virage-6778691
6778688,Villa à vendre à Saly,Maisons à vendre,299500000.00,XOF,Mbour,Thiès,3,600,"1. juil., 20:57",https://www.expat-dakar.com/annonce/villa-a-vendre-a-saly-6778688
6635128,VENTE VILLA RESIDENTIELLE À SALY,Maisons à vendre,350000000.00,XOF,Saly Portudal,Thiès,5,1463,"1. juil., 13:53",https://www.expat-dakar.com/annonce/vente-villa-residentielle-a-saly-6635128
6601777,Opportunité pieds dans l’eau,Maisons à vendre,700000000.00,XOF,Virage,Dakar,7,500,"30. juin, 20:10",https://www.expat-dakar.com/annonce/opportunite-pieds-dans-leau-6601777
6776008,Maison à vendre sur Dakar,Maisons à vendre,46000000.00,XOF,Niague,Dakar,3,150,"30. juin, 15:55",https://www.expat-dakar.com/annonce/maison-a-vendre-sur-dakar-6776008
6637526,Immeuble R+3 à vendre,Maisons à vendre,195000000.00,XOF,Mbao,Dakar,,,"30. juin, 15:32",https://www.expat-dakar.com/annonce/immeuble-r3-a-vendre-6637526
6777375,MAISON à VENDRE à NGOR VIRAGE,Maisons à vendre,400000000.00,XOF,VDN,Dakar,4,246,"30. juin, 15:09",https://www.expat-dakar.com/annonce/maison-a-vendre-a-ngor-virage-6777375
6541974,Magnifique villa avec piscine a Ngaparou,Maisons à vendre,130535000.00,XOF,Ngaparou,Thiès,4,600,"30. juin, 12:25",https://www.expat-dakar.com/annonce/magnifique-villa-avec-piscine-a-ngaparou-6541974
6474065,MAISON A VENDRE A CAMBERENE,Maisons à vendre,45.00,XOF,Parcelles Assainies,Dakar,,200,"30. juin, 12:16",https://www.expat-dakar.com/annonce/maison-a-vendre-a-camberene-6474065
6766016,MAISON A VENDRE AUX PARCELLES CROISMENT 22 FACE BRT,Maisons à vendre,200.00,XOF,Parcelles Assainies,Dakar,11,150,"30. juin, 12:16",https://www.expat-dakar.com/annonce/maison-a-vendre-aux-parcelles-croisment-22-face-brt-6766016
6720371,Villa à vendre à Ngaparou,Maisons à vendre,247000000.00,XOF,Ngaparou,Thiès,3,700,"30. juin, 10:40",https://www.expat-dakar.com/annonce/villa-a-vendre-a-ngaparou-6720371
6776763,SALY : Splendide Villa Meublée de 198 m² proche Mer à vendre,Maisons à vendre,120000000.00,XOF,Saly,Thiès,3,198,"30. juin, 09:05",https://www.expat-dakar.com/annonce/saly-splendide-villa-meublee-de-198-m2-proche-mer-a-vendre-6776763
6776555,Villa à vendre à Popenguine,Maisons à vendre,159500000.00,XOF,Popenguine,Thiès,6,300,"30. juin, 07:39",https://www.expat-dakar.com/annonce/villa-a-vendre-a-popenguine-6776555
6543774,Villa Fann Résidence,Maisons à vendre,1700000000.00,XOF,Fann,Dakar,3,968,"29. juin, 17:55",https://www.expat-dakar.com/annonce/villa-fann-residence-6543774
6772316,Ref_6243_GL  Villa  à vendre au Point E,Maisons à vendre,700000000.00,XOF,Point-e,Dakar,4,,"29. juin, 16:50",https://www.expat-dakar.com/annonce/ref-6243-gl-villa-a-vendre-au-point-e-6772316
6667465,Maison à vendre  Kaolack ( superficie 200 m²),Maisons à vendre,15000000.00,XOF,Kaolack,Kaolack,6,200,"29. juin, 15:55",https://www.expat-dakar.com/annonce/maison-a-vendre-kaolack-superficie-200-m2-6667465
6768578,Villa à vendre,Maisons à vendre,50000000.00,XOF,Médina,Dakar,3,122,"29. juin, 13:24",https://www.expat-dakar.com/annonce/villa-a-vendre-6768578
6773581,Villa basse à vendre,Maisons à vendre,65000000.00,XOF,Dakar,Dakar,3,150,"29. juin, 12:12",https://www.expat-dakar.com/annonce/villa-basse-a-vendre-6773581
6774608,Maison 2 étages sécurisée avec balcon à Dakar,Maisons à vendre,60000000.00,XOF,Bambilor,Dakar,4,251,"mardi, 13:41",https://www.expat-dakar.com/annonce/maison-2-etages-securisee-avec-balcon-a-dakar-6774608
6729379,Villa à vendre Sypres 2,Maisons à vendre,285000000.00,XOF,VDN,Dakar,,,"25. juin, 21:37",https://www.expat-dakar.com/annonce/villa-a-vendre-sypres-2-6729379
6675562,Villa meublée à vendre à Saly center,Maisons à vendre,305000000.00,XOF,Saly,Thiès,4,695,"25. juin, 15:57",https://www.expat-dakar.com/annonce/villa-meublee-a-vendre-a-saly-center-6675562
6720568,Maison en finitions Ngandigal Mbour,Maisons à vendre,19500000.00,XOF,Mbour,Thiès,3,290,"24. juin, 17:05",https://www.expat-dakar.com/annonce/maison-en-finitions-ngandigal-mbour-6720568
6704729,"Belle villa  de 6ch,",Maisons à vendre,65000000.00,XOF,Keur Massar,Dakar,6,220,"24. juin, 11:27",https://www.expat-dakar.com/annonce/belle-villa-de-6ch-6704729
6507228,VILLA R+1 A VENDRE A SACRÉ COEUR 3,Maisons à vendre,190000000.00,XOF,Sicap Sacré-cœur,Dakar,7,170,"6. août, 11:06",https://www.expat-dakar.com/annonce/villa-r1-a-vendre-a-sacre-coeur-3-6507228
6769990,Réf_6242_PL – Magnifique villa avec Titre Foncier à vendre,Maisons à vendre,900000000.00,XOF,Mamelles,Dakar,,,"23. juin, 15:48",https://www.expat-dakar.com/annonce/ref-6242-pl-magnifique-villa-avec-titre-foncier-a-vendre-6769990
6769810,Ref_6241_GL Propriété à vendre à 3 Km du centre-ville.,Maisons à vendre,2000000000.00,XOF,Plateau,Dakar,,3000,"23. juin, 13:38",https://www.expat-dakar.com/annonce/ref-6241-gl-propriete-a-vendre-a-3-km-du-centre-ville-6769810
6753371,Des Villas préfabriquées a vendre a Niacoulrab,Maisons à vendre,50000000.00,XOF,Niakoul rap,Dakar,,,"9. juin, 14:00",https://www.expat-dakar.com/annonce/des-villas-prefabriquees-a-vendre-a-niacoulrab-6753371
6761788,Maison a vendre a Bambilor,Maisons à vendre,40000000.00,XOF,Bambilor,Dakar,,150,"16. juin, 17:14",https://www.expat-dakar.com/annonce/maison-a-vendre-a-bambilor-6761788
6724101,Maison à finir à vendre à Diamniadio,Maisons à vendre,35000000.00,XOF,Diamniadio,Dakar,,150,"22. juin, 17:19",https://www.expat-dakar.com/annonce/maison-a-finir-a-vendre-a-diamniadio-6724101
6744432,Villa a vendre NGAPAROU,Maisons à vendre,190000000.00,XOF,Ngaparou,Thiès,,300,"23. juin, 09:55",https://www.expat-dakar.com/annonce/villa-a-vendre-ngaparou-6744432
6732132,Immeuble a vendre au Centre Ville,Maisons à vendre,970000000.00,XOF,Dakar,Dakar,,400,"23. juin, 09:54",https://www.expat-dakar.com/annonce/immeuble-a-vendre-au-centre-ville-6732132
6744664,Immeuble a vendre aux Almadies,Maisons à vendre,850000000.00,XOF,Almadies,Dakar,,,"23. juin, 09:54",https://www.expat-dakar.com/annonce/immeuble-a-vendre-aux-almadies-6744664
6744476,Villa a vendre Pointe Sarene,Maisons à vendre,450000000.00,XOF,Pointe sarrene,Thiès,,600,"4. juin, 10:15",https://www.expat-dakar.com/annonce/villa-a-vendre-pointe-sarene-6744476
6655005,Magnifique villa à vendre à Saly,Maisons à vendre,280000000.00,XOF,Saly,Thiès,4,650,"23. juin, 09:44",https://www.expat-dakar.com/annonce/magnifique-villa-a-vendre-a-saly-6655005
6316466,villa R+1 à vendre TF,Maisons à vendre,100000000.00,XOF,Dalifort,Dakar,6,315,"28. juil., 17:10",https://www.expat-dakar.com/annonce/villa-r1-a-vendre-tf-6316466
6767505,Maison R+2 à vendre à la cité Alioune sow,Maisons à vendre,188000000.00,XOF,Golf,Dakar,8,150,"22. juin, 07:31",https://www.expat-dakar.com/annonce/maison-r2-a-vendre-a-la-cite-alioune-sow-6767505
6636664,R+1 à vendre à sacré cœur,Maisons à vendre,230000000.00,XOF,Sacré-cœur,Dakar,7,150,"21. juin, 16:40",https://www.expat-dakar.com/annonce/r1-a-vendre-a-sacre-coeur-6636664
6766525,maison de 720m² en face la Mer,Maisons à vendre,380000000.00,XOF,Plateau,Dakar,,720,"20. juin, 12:25",https://www.expat-dakar.com/annonce/maison-de-720m2-en-face-la-mer-6766525
6766022,300 m2 A VENDRE  FASS A PROXIMITE DE L UNIVERSITE A. A. BA,Maisons à vendre,195.00,XOF,Parcelles Assainies,Dakar,2,300,"20. juin, 10:05",https://www.expat-dakar.com/annonce/300-m2-a-vendre-fass-a-proximite-de-l-universite-a-a-ba-6766022
6757045,Villas Cité – Nguerign Peulh,Maisons à vendre,157000000.00,XOF,Autres,Autres,,,"12. juin, 11:14",https://www.expat-dakar.com/annonce/villas-cite-nguerign-peulh-6757045
6765191,Villa à vendre sur l'île de Ngor,Maisons à vendre,393750000.00,XOF,Ngor,Dakar,6,500,"19. juin, 07:52",https://www.expat-dakar.com/annonce/villa-a-vendre-sur-lile-de-ngor-6765191
6569650,Immeuble R+4 à vendre CPI liberte 6 extension VDN,Maisons à vendre,459000000.00,XOF,Liberte 6 extension,Dakar,,,"18. juin, 10:53",https://www.expat-dakar.com/annonce/immeuble-r4-a-vendre-cpi-liberte-6-extension-vdn-6569650
6250874,Somptueuse villa à vendre à NGUERIGNE,Maisons à vendre,500000000.00,XOF,Nguering,Thiès,5,3200,"17. juin, 12:29",https://www.expat-dakar.com/annonce/somptueuse-villa-a-vendre-a-nguerigne-6250874
6343512,Maison à vendre à Keur Massar,Maisons à vendre,125000000.00,XOF,Keur Massar,Dakar,,,"17. juin, 11:31",https://www.expat-dakar.com/annonce/maison-a-vendre-a-keur-massar-6343512
6726309,Maison à vendre au almadies2,Maisons à vendre,56000000.00,XOF,Almadies 2,Dakar,,150,"17. juin, 11:30",https://www.expat-dakar.com/annonce/maison-a-vendre-au-almadies2-6726309
6705199,"MAISON F4 LOCATION - VENTE 150m2 (125,000F /mois sur 15 ans)",Maisons à vendre,125000.00,XOF,Rufisque,Dakar,3,150,"16. juin, 14:23",https://www.expat-dakar.com/annonce/maison-f4-location-vente-150m2-125000f-mois-sur-15-ans-6705199
6700219,"MAISON DUPLEX F4 LOCATION / VENTE  (150,000 Fcfa / mois)",Maisons à vendre,150000.00,XOF,Rufisque,Dakar,3,150,"16. juin, 14:23",https://www.expat-dakar.com/annonce/maison-duplex-f4-location-vente-150000-fcfa-mois-6700219
6700346,"MAISON F3 LOCATION / VENTE ( 100,000 Fcfa /mois)",Maisons à vendre,100000.00,XOF,Gorom,Dakar,2,150,"16. juin, 14:22",https://www.expat-dakar.com/annonce/maison-f3-location-vente-100000-fcfa-mois-6700346
6699205,"PROJET LOCATION / VENTE MAISON 150m2 (80,000 Fcfa /mois)",Maisons à vendre,80000.00,XOF,Rufisque,Dakar,2,150,"24. avr., 11:26",https://www.expat-dakar.com/annonce/projet-location-vente-maison-150m2-80000-fcfa-mois-6699205
6747719,Villa à vendre à Ngor Almadies derrière Philip Morris,Maisons à vendre,410000000.00,XOF,Almadies,Dakar,5,300,"16. juin, 10:12",https://www.expat-dakar.com/annonce/villa-a-vendre-a-ngor-almadies-derriere-philip-morris-6747719
6484268,Villa à vendre aux Mamelles,Maisons à vendre,850000000.00,XOF,Mamelles,Dakar,,411,"15. juin, 07:04",https://www.expat-dakar.com/annonce/villa-a-vendre-aux-mamelles-6484268
6757024,OPPORTUNITE RARE A LA SOMONE : VILLA R+1 AVEC PISCINE,Maisons à vendre,90000000.00,XOF,Somone,Thiès,4,300,"12. juin, 12:15",https://www.expat-dakar.com/annonce/opportunite-rare-a-la-somone-villa-r1-avec-piscine-6757024
6756669,À VENDRE – Villa de Prestige - Somone,Maisons à vendre,105000000.00,XOF,Somone,Thiès,5,300,"12. juin, 08:39",https://www.expat-dakar.com/annonce/a-vendre-villa-de-prestige-somone-6756669
6756263,VILLA EN VENTE A SALY NIAKHNIAKHAL,Maisons à vendre,115000000.00,XOF,Saly,Thiès,3,900,"11. juin, 16:54",https://www.expat-dakar.com/annonce/villa-en-vente-a-saly-niakhniakhal-6756263
6756257,VILLA NABOU EN VENTE A NGUERIGNE SERERE,Maisons à vendre,164566000.00,XOF,Nguering,Thiès,3,769,"11. juin, 16:42",https://www.expat-dakar.com/annonce/villa-nabou-en-vente-a-nguerigne-serere-6756257
6756250,VILLA JUMELLE EN VENTE A NGUERIGNE SERERE,Maisons à vendre,173600000.00,XOF,Nguering,Thiès,3,718,"11. juin, 16:33",https://www.expat-dakar.com/annonce/villa-jumelle-en-vente-a-nguerigne-serere-6756250
6756245,VILLA SALANE EN VENTE A NGUERIGNE SERERE,Maisons à vendre,158938200.00,XOF,Nguering,Thiès,3,702,"11. juin, 16:22",https://www.expat-dakar.com/annonce/villa-salane-en-vente-a-nguerigne-serere-6756245
6756230,VILLA DIARRA EN VENTE A NGUERIGNE SERERE,Maisons à vendre,156050000.00,XOF,Nguering,Thiès,3,637,"11. juin, 16:13",https://www.expat-dakar.com/annonce/villa-diarra-en-vente-a-nguerigne-serere-6756230
6756026,VILLA CORDIA EN VENTE A NGUERIGNE SERERE,Maisons à vendre,108585000.00,XOF,Nguering,Thiès,3,360,"11. juin, 15:54",https://www.expat-dakar.com/annonce/villa-cordia-en-vente-a-nguerigne-serere-6756026
5687384,Maison à vendre à MBAO,Maisons à vendre,75000000.00,XOF,Mbao,Dakar,4,241,"12. juil., 13:02",https://www.expat-dakar.com/annonce/maison-a-vendre-a-mbao-5687384
6754560,Villa  sicap amitié 3 a vendre,Maisons à vendre,282000000.00,XOF,Amitié,Dakar,15,394,"10. juin, 13:18",https://www.expat-dakar.com/annonce/villa-sicap-amitie-3-a-vendre-6754560
6613575,Villa TF à vendre à Keur Massar,Maisons à vendre,40000000.00,XOF,Keur Massar,Dakar,,150,"9. juin, 16:35",https://www.expat-dakar.com/annonce/villa-tf-a-vendre-a-keur-massar-6613575
6691042,Villa à vendre à Ngor almadies,Maisons à vendre,210000000.00,XOF,Ngor,Dakar,3,150,"8. juin, 19:07",https://www.expat-dakar.com/annonce/villa-a-vendre-a-ngor-almadies-6691042
6719558,Villa à vendre Rufisque Sortie 9,Maisons à vendre,48000000.00,XOF,Rufisque,Dakar,4,150,"8. juin, 16:37",https://www.expat-dakar.com/annonce/villa-a-vendre-rufisque-sortie-9-6719558
6751921,VILLA A VENDRE AU VIRAGE,Maisons à vendre,1.00,XOF,Virage,Dakar,5,320,"8. juin, 13:06",https://www.expat-dakar.com/annonce/villa-a-vendre-au-virage-6751921
6747607,VILLA À VENDRE À LA SOMONE,Maisons à vendre,130000000.00,XOF,Somone,Thiès,4,300,"7. juin, 20:59",https://www.expat-dakar.com/annonce/villa-a-vendre-a-la-somone-6747607
6742462,Villa moderne spacieuse 3 niveaux avec garage double,Maisons à vendre,80000000.00,XOF,Keur Massar,Dakar,7,,"6. juin, 15:10",https://www.expat-dakar.com/annonce/villa-moderne-spacieuse-3-niveaux-avec-garage-double-6742462
6747218,UNE OPPORTUNITÉ UNIQUE DE 563 m² À NGOR MÉRIDIEN,Maisons à vendre,650000000.00,XOF,Ngor,Dakar,,563,"6. juin, 12:25",https://www.expat-dakar.com/annonce/une-opportunite-unique-de-563-m2-a-ngor-meridien-6747218
6745855,Location longue durée lagune de Somone,Maisons à vendre,1500000.00,XOF,Somone,Thiès,4,3000,"5. juin, 10:01",https://www.expat-dakar.com/annonce/location-longue-duree-lagune-de-somone-6745855
6744915,Bel Immeuble a vendre aux Mamelles,Maisons à vendre,0.00,XOF,Mamelles,Dakar,,200,"4. juin, 16:14",https://www.expat-dakar.com/annonce/bel-immeuble-a-vendre-aux-mamelles-6744915
6605219,Villa de rêve à Fann Residence,Maisons à vendre,3200000000.00,XOF,Fann,Dakar,7,1200,"4. juin, 14:52",https://www.expat-dakar.com/annonce/villa-de-reve-a-fann-residence-6605219
6702177,À VENDRE – Villa avec appartement indépendant à Ngaparou,Maisons à vendre,390000000.00,XOF,Ngaparou,Thiès,,,"27. avr., 09:13",https://www.expat-dakar.com/annonce/a-vendre-villa-avec-appartement-independant-a-ngaparou-6702177
6743615,Maison neuf 180 metre carré jamais habitée à vendre apix,Maisons à vendre,65000000.00,XOF,vdn 3,Dakar,5,180,"3. juin, 17:16",https://www.expat-dakar.com/annonce/maison-neuf-180-metre-carre-jamais-habitee-a-vendre-apix-6743615
6743614,Belle Villa avec piscine a Ngaparou,Maisons à vendre,158414000.00,XOF,Ngaparou,Thiès,4,170,"3. juin, 16:53",https://www.expat-dakar.com/annonce/belle-villa-avec-piscine-a-ngaparou-6743614
6743610,À VENDRE – Villa en résidence bord de mer à Saly,Maisons à vendre,295115000.00,XOF,Saly,Thiès,3,370,"3. juin, 16:40",https://www.expat-dakar.com/annonce/a-vendre-villa-en-residence-bord-de-mer-a-saly-6743610
6537266,Maison à vendre à Dieuppeul,Maisons à vendre,210000000.00,XOF,Dieuppeul,Dakar,4,257,"3. juin, 16:05",https://www.expat-dakar.com/annonce/maison-a-vendre-a-dieuppeul-6537266
6743520,Maison en finition avec Titre Foncier,Maisons à vendre,220000000.00,XOF,Cité Damel,Dakar,,180,"3. juin, 14:55",https://www.expat-dakar.com/annonce/maison-en-finition-avec-titre-foncier-6743520
6543269,Maison à vendre,Maisons à vendre,21000000.00,XOF,Lac Rose,Dakar,5,225,"3. juin, 10:53",https://www.expat-dakar.com/annonce/maison-a-vendre-6543269
6742995,MAISON PIED DANS L'EAU A SINDOU,Maisons à vendre,98000000.00,XOF,Yene,Dakar,7,660,"3. juin, 09:13",https://www.expat-dakar.com/annonce/maison-pied-dans-leau-a-sindou-6742995
6590335,Ref_6232_GL  Propriété à vendre à Ngeurigne Sérère,Maisons à vendre,299000000.00,XOF,Nguering,Thiès,9,1412,"1. juin, 13:45",https://www.expat-dakar.com/annonce/ref-6232-gl-propriete-a-vendre-a-ngeurigne-serere-6590335
6528895,Magnifique villa avec piscine a Nguéring,Maisons à vendre,225000000.00,XOF,Corniche,Dakar,4,1200,"1. juin, 11:31",https://www.expat-dakar.com/annonce/magnifique-villa-avec-piscine-a-nguering-6528895
6511164,villa entièrement meublée à vendre,Maisons à vendre,120000000.00,XOF,Somone,Thiès,4,1200,"1. juin, 11:30",https://www.expat-dakar.com/annonce/villa-entierement-meublee-a-vendre-6511164
6739812,Grande villa inachevée à vendre,Maisons à vendre,22000000.00,XOF,Niague,Dakar,3,193,"30. mai, 23:20",https://www.expat-dakar.com/annonce/grande-villa-inachevee-a-vendre-6739812
6738572,Villa moderne avec piscine privée et jardin paysager,Maisons à vendre,155000000.00,XOF,Somone,Thiès,3,170,"3. juin, 07:08",https://www.expat-dakar.com/annonce/villa-moderne-avec-piscine-privee-et-jardin-paysager-6738572
6623918,À VENDRE – Villa meublée avec piscine à Saly,Maisons à vendre,95000000.00,XOF,Saly Portudal,Thiès,,,"27. mai, 20:07",https://www.expat-dakar.com/annonce/a-vendre-villa-meublee-avec-piscine-a-saly-6623918
6708777,VILLA AVEC PISCINE A VENDRE / SALY,Maisons à vendre,125000000.00,XOF,Saly Portudal,Thiès,,310,"27. mai, 20:07",https://www.expat-dakar.com/annonce/villa-avec-piscine-a-vendre-saly-6708777
6736987,VILA 600M2 DOUBLE ANGLE NGAPAROU,Maisons à vendre,125000000.00,XOF,Ngaparou,Thiès,,600,"27. mai, 20:06",https://www.expat-dakar.com/annonce/vila-600m2-double-angle-ngaparou-6736987
6708784,VILLA À VENDRE À 400M DE LA PLAGE / SALY,Maisons à vendre,205000000.00,XOF,Saly Portudal,Thiès,,700,"27. mai, 19:50",https://www.expat-dakar.com/annonce/villa-a-vendre-a-400m-de-la-plage-saly-6708784
6708782,VILLA A NGAPAROU COTE PLAGE,Maisons à vendre,170000000.00,XOF,Ngaparou,Thiès,,900,"27. mai, 19:49",https://www.expat-dakar.com/annonce/villa-a-ngaparou-cote-plage-6708782
6565498,Coup de cœur à vendre à Ngaparou,Maisons à vendre,168000000.00,XOF,Ngaparou,Thiès,4,370,"27. mai, 09:35",https://www.expat-dakar.com/annonce/coup-de-coeur-a-vendre-a-ngaparou-6565498
6664487,Villa en VEFA à vendre à Nguerigne,Maisons à vendre,80000000.00,XOF,Nguering,Thiès,3,400,"27. mai, 09:33",https://www.expat-dakar.com/annonce/villa-en-vefa-a-vendre-a-nguerigne-6664487
6736024,Immeuble R+7 Neuf a vendre aux Almadies,Maisons à vendre,1200000000.00,XOF,Almadies,Dakar,26,1750,"26. mai, 13:05",https://www.expat-dakar.com/annonce/immeuble-r7-neuf-a-vendre-aux-almadies-6736024
6586081,Villa à vendre à la patt d’oie pas loin de Keur Yof,Maisons à vendre,95000000.00,XOF,Patte d‘oie,Dakar,6,150,"25. mai, 09:11",https://www.expat-dakar.com/annonce/villa-a-vendre-a-la-patt-doie-pas-loin-de-keur-yof-6586081
6070999,Maison habitable à ngor Almadies,Maisons à vendre,320000000.00,XOF,Ngor,Dakar,5,330,"23. mai, 14:03",https://www.expat-dakar.com/annonce/maison-habitable-a-ngor-almadies-6070999
6591468,Villa à vendre à Nguerigne,Maisons à vendre,119600000.00,XOF,Nguering,Thiès,3,316,"27. mai, 09:33",https://www.expat-dakar.com/annonce/villa-a-vendre-a-nguerigne-6591468
6732143,Immeuble a vendre au POINT E,Maisons à vendre,800000000.00,XOF,Point-e,Dakar,,400,"22. mai, 20:50",https://www.expat-dakar.com/annonce/immeuble-a-vendre-au-point-e-6732143
6715331,Villa R+1 à vendre,Maisons à vendre,125000000.00,XOF,Thiès,Thiès,8,300,"8. mai, 21:47",https://www.expat-dakar.com/annonce/villa-r1-a-vendre-6715331
6732144,Villa a vendre aux Mamelles,Maisons à vendre,850000000.00,XOF,Mamelles,Dakar,,400,"22. mai, 20:50",https://www.expat-dakar.com/annonce/villa-a-vendre-aux-mamelles-6732144
6571219,Villa meublée R+1 à vendre à Ngaparou,Maisons à vendre,210000000.00,XOF,Ngaparou,Thiès,6,,"22. mai, 13:32",https://www.expat-dakar.com/annonce/villa-meublee-r1-a-vendre-a-ngaparou-6571219
6562996,Maison à vendre centre à 200 m de l’assemblée nationale,Maisons à vendre,1025000000.00,XOF,Plateau,Dakar,5,410,"22. mai, 11:30",https://www.expat-dakar.com/annonce/maison-a-vendre-centre-a-200-m-de-lassemblee-nationale-6562996
6731415,Villa à vendre à Ngaparou,Maisons à vendre,288000000.00,XOF,Ngaparou,Thiès,4,835,"22. juin, 12:01",https://www.expat-dakar.com/annonce/villa-a-vendre-a-ngaparou-6731415
6729866,Villa à vendre à Ngaparou,Maisons à vendre,320000000.00,XOF,Ngaparou,Thiès,6,600,"21. mai, 07:42",https://www.expat-dakar.com/annonce/villa-a-vendre-a-ngaparou-6729866
6717570,Maison r+1 inachevé a Bambilor a la cité CDC,Maisons à vendre,30000000.00,XOF,Bambilor,Dakar,,150,"11. mai, 11:17",https://www.expat-dakar.com/annonce/maison-r1-inacheve-a-bambilor-a-la-cite-cdc-6717570
6728651,Villa R+1  a vendre a la Zone A,Maisons à vendre,250000000.00,XOF,Dakar,Dakar,,280,"20. mai, 10:41",https://www.expat-dakar.com/annonce/villa-r1-a-vendre-a-la-zone-a-6728651
6688505,Villa Mitoyenne F4 neuf à vendre -au Lac Rose,Maisons à vendre,260000000.00,XOF,Lac Rose,Dakar,,250,"20. mai, 10:36",https://www.expat-dakar.com/annonce/villa-mitoyenne-f4-neuf-a-vendre-au-lac-rose-6688505
6688499,Villa Jumellée F5 R+1 neuf à vendre -Ville Verte au Lac Rose,Maisons à vendre,330000000.00,XOF,Lac Rose,Dakar,,342,"20. mai, 10:36",https://www.expat-dakar.com/annonce/villa-jumellee-f5-r1-neuf-a-vendre-ville-verte-au-lac-rose-6688499
6688509,Villa F5 neuf à vendre - Ville Verte au Lac Rose,Maisons à vendre,1.00,XOF,Lac Rose,Dakar,,238,"20. mai, 10:35",https://www.expat-dakar.com/annonce/villa-f5-neuf-a-vendre-ville-verte-au-lac-rose-6688509
6688491,Villa Individuelle F5 R+1 neuf à vendre  à Lac Rose,Maisons à vendre,355000000.00,XOF,Lac Rose,Dakar,,450,"20. mai, 10:34",https://www.expat-dakar.com/annonce/villa-individuelle-f5-r1-neuf-a-vendre-a-lac-rose-6688491
6728288,Villas à vendre à Ngaparou,Maisons à vendre,230000000.00,XOF,Ngaparou,Thiès,5,750,"5. juin, 10:58",https://www.expat-dakar.com/annonce/villas-a-vendre-a-ngaparou-6728288
6700548,Villa R+1 à vendre au Point E,Maisons à vendre,380000000.00,XOF,Dieuppeul,Dakar,,,"19. mai, 22:18",https://www.expat-dakar.com/annonce/villa-r1-a-vendre-au-point-e-6700548
5934293,🏠 Maison en finition à vendre à Niaga-lac rose,Maisons à vendre,40000000.00,XOF,Lac Rose,Dakar,5,600,"19. mai, 18:40",https://www.expat-dakar.com/annonce/maison-en-finition-a-vendre-a-niaga-lac-rose-5934293
6704588,IMMEUBLE À VENDRE AUX ALMADIES,Maisons à vendre,1380000000.00,XOF,Almadies,Dakar,,1400,"samedi, 12:01",https://www.expat-dakar.com/annonce/immeuble-a-vendre-aux-almadies-6704588
6727123,VIRAGE: très belle Villa à vendre 633 m2 – TF,Maisons à vendre,800000000.00,XOF,Virage,Dakar,5,633,"19. mai, 09:15",https://www.expat-dakar.com/annonce/virage-tres-belle-villa-a-vendre-633-m2-tf-6727123
6711960,Villa R+2 TF a vendre a Sicap Baobab,Maisons à vendre,0.00,XOF,Sicap baobab,Dakar,,250,"18. mai, 16:40",https://www.expat-dakar.com/annonce/villa-r2-tf-a-vendre-a-sicap-baobab-6711960
6692378,Maison à vendre à yeumbeul/cité comico,Maisons à vendre,35000000.00,XOF,Yeumbeul,Dakar,,,"16. mai, 10:57",https://www.expat-dakar.com/annonce/maison-a-vendre-a-yeumbeulcite-comico-6692378
6724290,Villa à vendre Ngor ALMADIES,Maisons à vendre,1500000.00,XOF,Ngor,Dakar,4,1000,"15. mai, 16:06",https://www.expat-dakar.com/annonce/villa-a-vendre-ngor-almadies-6724290
6723586,A VENDRE UNE VILLA D' ANGLE R+2,Maisons à vendre,280000000.00,XOF,VDN,Dakar,8,200,"15. mai, 08:59",https://www.expat-dakar.com/annonce/a-vendre-une-villa-d-angle-r2-6723586
6721513,Villa pieds dans l’eau Dakar,Maisons à vendre,1500000.00,XOF,Almadies,Dakar,6,900,"13. mai, 23:50",https://www.expat-dakar.com/annonce/villa-pieds-dans-leau-dakar-6721513
6545402,VILLA R+1 À VENDRE À LA SIPRES,Maisons à vendre,0.00,XOF,Dakar,Dakar,,359,"13. mai, 10:49",https://www.expat-dakar.com/annonce/villa-r1-a-vendre-a-la-sipres-6545402
6558231,Pieds dans l’eau,Maisons à vendre,1500000000.00,XOF,Almadies,Dakar,7,900,"12. mai, 17:31",https://www.expat-dakar.com/annonce/pieds-dans-leau-6558231
6719315,Jolies Villas pieds dans l’eau et vue sur mer,Maisons à vendre,1900000000.00,XOF,Almadies,Dakar,5,1400,"15. mai, 10:43",https://www.expat-dakar.com/annonce/jolies-villas-pieds-dans-leau-et-vue-sur-mer-6719315
6713092,VILLA AVEC PISCINE A SALY,Maisons à vendre,130000000.00,XOF,Saly,Thiès,,310,"12. mai, 16:20",https://www.expat-dakar.com/annonce/villa-avec-piscine-a-saly-6713092
6553745,Maison à vendre à Zac Mbao,Maisons à vendre,58000000.00,XOF,Mbao,Dakar,5,157,"27. juin, 20:38",https://www.expat-dakar.com/annonce/maison-a-vendre-a-zac-mbao-6553745
6719052,Ref_6239_GL Immeuble R+3 à vendre à  Somone,Maisons à vendre,350000000.00,XOF,Somone,Thiès,18,298,"12. mai, 11:51",https://www.expat-dakar.com/annonce/ref-6239-gl-immeuble-r3-a-vendre-a-somone-6719052
6523962,Maison tout confort à vendre  - WARANG (Petite Côte),Maisons à vendre,98000000.00,XOF,Warang,Thiès,4,200,"4. juil., 13:42",https://www.expat-dakar.com/annonce/maison-tout-confort-a-vendre-warang-petite-cote-6523962
6718132,A VENDRE UNE VILLA A DEMOLIR,Maisons à vendre,1600000000.00,XOF,Fann,Dakar,,900,"14. juin, 00:10",https://www.expat-dakar.com/annonce/a-vendre-une-villa-a-demolir-6718132
6715035,"Villa R+1 à vendre à Niary Tally, Rond-Point Jet d’Eau",Maisons à vendre,190000000.00,XOF,Dakar,Dakar,,300,"5. juin, 15:40",https://www.expat-dakar.com/annonce/villa-r1-a-vendre-a-niary-tally-rond-point-jet-deau-6715035
6524087,"Villa à vendre – Mamelles, Cité Cheikh Amar",Maisons à vendre,400000000.00,XOF,Mamelles,Dakar,5,350,"8. mai, 21:52",https://www.expat-dakar.com/annonce/villa-a-vendre-mamelles-cite-cheikh-amar-6524087
6715028,Villa neuve à vendre à ngaparou,Maisons à vendre,160000000.00,XOF,Colobane,Dakar,4,150,"8. mai, 13:04",https://www.expat-dakar.com/annonce/villa-neuve-a-vendre-a-ngaparou-6715028
6714790,Villa neuve à vendre à la Somone,Maisons à vendre,139000000.00,XOF,Somone,Thiès,4,350,"8. mai, 07:43",https://www.expat-dakar.com/annonce/villa-neuve-a-vendre-a-la-somone-6714790
6641406,Villa à vendre angle à keur mbaye fall,Maisons à vendre,22000000.00,XOF,Mbao,Dakar,6,150,"7. mai, 16:02",https://www.expat-dakar.com/annonce/villa-a-vendre-angle-a-keur-mbaye-fall-6641406
6570860,Charmante villa  R+1 a vendre à la Cité Djily Mbaye,Maisons à vendre,170000000.00,XOF,Yoff,Dakar,3,228,"7. mai, 09:20",https://www.expat-dakar.com/annonce/charmante-villa-r1-a-vendre-a-la-cite-djily-mbaye-6570860
6570977,Belle Villa avec vue sur mer à Popenguine,Maisons à vendre,525000000.00,XOF,Popenguine,Thiès,5,3000,"7. mai, 09:19",https://www.expat-dakar.com/annonce/belle-villa-avec-vue-sur-mer-a-popenguine-6570977
6628539,Location-Vente F3  Titre Foncier à lac rose,Maisons à vendre,25000000.00,XOF,Lac Rose,Dakar,,,"6. mai, 12:35",https://www.expat-dakar.com/annonce/location-vente-f3-titre-foncier-a-lac-rose-6628539
6711721,Maison à vendre à ZAC MBAO,Maisons à vendre,120000000.00,XOF,Zac Mbao,Dakar,7,180,"6. mai, 11:15",https://www.expat-dakar.com/annonce/maison-a-vendre-a-zac-mbao-6711721
6712705,Ref_6238_GL  Villa à vendre à Ouagou-Niayes /HLM,Maisons à vendre,175000000.00,XOF,Hlm,Dakar,,282,"6. mai, 10:50",https://www.expat-dakar.com/annonce/ref-6238-gl-villa-a-vendre-a-ouagou-niayes-hlm-6712705
6706760,Un ensemble immobilier de 820 m2 vue sur mer à Toubab Dialaw,Maisons à vendre,180000000.00,XOF,Toubab Dialaw,Thiès,11,820,"6. mai, 09:17",https://www.expat-dakar.com/annonce/un-ensemble-immobilier-de-820-m2-vue-sur-mer-a-toubab-dialaw-6706760
6699197,Location / Vente Maison duplex 3 - Projet de Logement,Maisons à vendre,80000.00,XOF,Gorom,Dakar,,150,"6. mai, 09:13",https://www.expat-dakar.com/annonce/location-vente-maison-duplex-3-projet-de-logement-6699197
6555730,Villa à vendre aux Almadies Recasement 1,Maisons à vendre,450000000.00,XOF,Almadies,Dakar,4,300,"6. mai, 05:58",https://www.expat-dakar.com/annonce/villa-a-vendre-aux-almadies-recasement-1-6555730
6712150,Immeuble R+6 A Vendre,Maisons à vendre,1100000000.00,XOF,Dieuppeul,Dakar,,1440,"5. mai, 23:41",https://www.expat-dakar.com/annonce/immeuble-r6-a-vendre-6712150
6706007,Immeuble Neuf R+10 à vendre au point e,Maisons à vendre,3000000000.00,XOF,Point-e,Dakar,16,3007,"5. mai, 13:57",https://www.expat-dakar.com/annonce/immeuble-neuf-r10-a-vendre-au-point-e-6706007
6642350,Villa à vendre à  Bopp,Maisons à vendre,250000000.00,XOF,Grand-Dakar,Dakar,4,250,"4. mai, 16:14",https://www.expat-dakar.com/annonce/villa-a-vendre-a-bopp-6642350
6638843,Villa TF avec piscine a vendre au Point E,Maisons à vendre,520000000.00,XOF,Point-e,Dakar,4,493,"3. juin, 15:06",https://www.expat-dakar.com/annonce/villa-tf-avec-piscine-a-vendre-au-point-e-6638843
6710086,Dakar - Apix maison bien Placée,Maisons à vendre,50000000.00,XOF,Rufisque,Dakar,,150,"4. mai, 11:28",https://www.expat-dakar.com/annonce/dakar-apix-maison-bien-placee-6710086
6709993,Maison à vendre Sacré Coeur 3,Maisons à vendre,500000000.00,XOF,Sacré-cœur,Dakar,,,"4. mai, 10:20",https://www.expat-dakar.com/annonce/maison-a-vendre-sacre-coeur-3-6709993
6709156,Immeuble R+5 investissement rentable clés en main,Maisons à vendre,350000000.00,XOF,Zac Mbao,Dakar,17,150,"4. mai, 08:56",https://www.expat-dakar.com/annonce/immeuble-r5-investissement-rentable-cles-en-main-6709156
6708788,À VENDRE – Villa avec piscine à Nianing,Maisons à vendre,70000000.00,XOF,Nianing,Thiès,,300,"2. mai, 16:26",https://www.expat-dakar.com/annonce/a-vendre-villa-avec-piscine-a-nianing-6708788
6623917,VILLA A VENDRE DANS UNE RESIDENCE SECURISEE 24/24 à Saly 🌊,Maisons à vendre,210000000.00,XOF,Saly Portudal,Thiès,,,"2. mai, 15:58",https://www.expat-dakar.com/annonce/villa-a-vendre-dans-une-residence-securisee-2424-a-saly-6623917
6708779,VILLA AVEC 5 STUDIOS ET DEUX APPARTEMENTS / Saly,Maisons à vendre,150000000.00,XOF,Saly Portudal,Thiès,,500,"2. mai, 15:57",https://www.expat-dakar.com/annonce/villa-avec-5-studios-et-deux-appartements-saly-6708779
6494202,VILLA A VENDRE A NGAPAROU,Maisons à vendre,125000000.00,XOF,Ngaparou,Thiès,5,600,"2. mai, 15:47",https://www.expat-dakar.com/annonce/villa-a-vendre-a-ngaparou-6494202
6708766,VILLA SUR TERRAIN 8700M2 KEUR YOUNGAR,Maisons à vendre,900000000.00,XOF,Saly Portudal,Thiès,,8700,"2. mai, 15:43",https://www.expat-dakar.com/annonce/villa-sur-terrain-8700m2-keur-youngar-6708766
6708744,VILLA R+1 A VENDRE / NGERIGNE PETITE COTE,Maisons à vendre,95000000.00,XOF,Saly Portudal,Thiès,,300,"2. mai, 15:21",https://www.expat-dakar.com/annonce/villa-r1-a-vendre-ngerigne-petite-cote-6708744
6708724,VILLA PIEDS DANS L'EAU A NGAPAROU,Maisons à vendre,350000000.00,XOF,Ngaparou,Thiès,,600,"2. mai, 14:54",https://www.expat-dakar.com/annonce/villa-pieds-dans-leau-a-ngaparou-6708724
6497269,TITRE FONCIER INDIVIDUEL A MBOUR,Maisons à vendre,300000000.00,XOF,Mbour,Thiès,,440,"2. mai, 14:44",https://www.expat-dakar.com/annonce/titre-foncier-individuel-a-mbour-6497269
6707193,Villa neuve de 1000 m² pied dans l' eau Almadies,Maisons à vendre,2000000000.00,XOF,Almadies,Dakar,5,1000,"30. avr., 20:01",https://www.expat-dakar.com/annonce/villa-neuve-de-1000-m2-pied-dans-l-eau-almadies-6707193
6707073,Villa à vendre à SIPRES 2,Maisons à vendre,280000000.00,XOF,Sud foire,Dakar,4,204,"22. mai, 14:03",https://www.expat-dakar.com/annonce/villa-a-vendre-a-sipres-2-6707073
6704540,Villa a démolir sur une surface de 688m2 aux Almadies,Maisons à vendre,699000000.00,XOF,Almadies,Dakar,6,684,"30. avr., 16:05",https://www.expat-dakar.com/annonce/villa-a-demolir-sur-une-surface-de-688m2-aux-almadies-6704540
6705990,Immeuble Neuf R+6 à vendre au point e,Maisons à vendre,2000000000.00,XOF,Point-e,Dakar,18,1491,"29. avr., 20:30",https://www.expat-dakar.com/annonce/immeuble-neuf-r6-a-vendre-au-point-e-6705990
6704144,🏡 Magnifique Villa R+1 avec Piscine à vendre Ngor,Maisons à vendre,490000000.00,XOF,Ngor,Dakar,5,506,"28. avr., 11:55",https://www.expat-dakar.com/annonce/magnifique-villa-r1-avec-piscine-a-vendre-ngor-6704144
6632105,VENTE – VILLA À DÉMOLIR À Sicap Karack,Maisons à vendre,120000000.00,XOF,Karack,Dakar,,155,"28. avr., 11:34",https://www.expat-dakar.com/annonce/vente-villa-a-demolir-a-sicap-karack-6632105
6498776,Ref_6219_GL Villa à vendre à Nguerigne Bambara,Maisons à vendre,200000000.00,XOF,Nguering,Thiès,3,1000,"28. avr., 11:21",https://www.expat-dakar.com/annonce/ref-6219-gl-villa-a-vendre-a-nguerigne-bambara-6498776
6702999,Immeuble R+10 à vendre au Point E,Maisons à vendre,3000000000.00,XOF,Point-e,Dakar,,,"27. avr., 18:22",https://www.expat-dakar.com/annonce/immeuble-r10-a-vendre-au-point-e-6702999
6493205,VILLA DE PRESTIGE PIEDS DANS L'EAU-– 900 m² 🌴,Maisons à vendre,1.00,XOF,Ngor,Dakar,6,900,"28. avr., 06:18",https://www.expat-dakar.com/annonce/villa-de-prestige-pieds-dans-leau-900-m2-6493205
6688525,Villa a vendre sipres 2,Maisons à vendre,300000000.00,XOF,Liberte 6 extension,Dakar,5,359,"27. avr., 14:01",https://www.expat-dakar.com/annonce/villa-a-vendre-sipres-2-6688525
5984375,Villa r+1 a vendre cité sir,Maisons à vendre,62000000.00,XOF,Almadies 2,Dakar,5,160,"27. avr., 08:19",https://www.expat-dakar.com/annonce/villa-r1-a-vendre-cite-sir-5984375
6563934,Villa à vendre,Maisons à vendre,125000000.00,XOF,Ouakam,Dakar,11,220,"25. avr., 23:03",https://www.expat-dakar.com/annonce/villa-a-vendre-6563934
6700754,F4 d e225 m² à vendre sur la corniche,Maisons à vendre,300000000.00,XOF,Ouakam,Dakar,3,225,"5. mai, 12:06",https://www.expat-dakar.com/annonce/f4-d-e225-m2-a-vendre-sur-la-corniche-6700754
6700751,Villa R +1 à vendre au point e,Maisons à vendre,380000000.00,XOF,Point-e,Dakar,4,251,"18. mai, 11:49",https://www.expat-dakar.com/annonce/villa-r-1-a-vendre-au-point-e-6700751
6700753,VILLA À VENDRE – CENTENAIRE GIBRALTAR,Maisons à vendre,330000000.00,XOF,Gibraltar,Dakar,5,300,"24. avr., 22:26",https://www.expat-dakar.com/annonce/villa-a-vendre-centenaire-gibraltar-6700753
6700744,"Villa à vendre aux Almadies, près du casino.",Maisons à vendre,725000000.00,XOF,Almadies,Dakar,6,1241,"24. avr., 21:57",https://www.expat-dakar.com/annonce/villa-a-vendre-aux-almadies-pres-du-casino-6700744
5923675,🏡 Maison à vendre aux Almadies : grande villa,Maisons à vendre,1300000000.00,XOF,Almadies,Dakar,7,1008,"24. avr., 21:50",https://www.expat-dakar.com/annonce/maison-a-vendre-aux-almadies-grande-villa-5923675
6700721,🏡 Villa de luxe à vendre à Dakar Mamelles.,Maisons à vendre,750000000.00,XOF,Mamelles,Dakar,7,411,"24. avr., 20:38",https://www.expat-dakar.com/annonce/villa-de-luxe-a-vendre-a-dakar-mamelles-6700721
6678652,Maison inachevée à vendre TF individuel CITÉ PORT,Maisons à vendre,27000000.00,XOF,Kounoune,Dakar,3,150,"24. avr., 20:17",https://www.expat-dakar.com/annonce/maison-inachevee-a-vendre-tf-individuel-cite-port-6678652
6489445,Immeuble moderne R+4 à vendre à Ngor,Maisons à vendre,750000000.00,XOF,Ngor,Dakar,,,"24. avr., 09:36",https://www.expat-dakar.com/annonce/immeuble-moderne-r4-a-vendre-a-ngor-6489445
6694998,Villa R+2 à vendre à Gibraltar,Maisons à vendre,100000000.00,XOF,Gibraltar,Dakar,5,105,"27. avr., 11:33",https://www.expat-dakar.com/annonce/villa-r2-a-vendre-a-gibraltar-6694998
6695016,Villa Angle 180m² Titre Foncier - Diamaguene Sicap Mbao,Maisons à vendre,49000000.00,XOF,Sicap mbao,Dakar,,180,"Hier, 16:26",https://www.expat-dakar.com/annonce/villa-angle-180m2-titre-foncier-diamaguene-sicap-mbao-6695016
6683395,"Villa - Résidence Safari, à 50 m de la plage + piscine",Maisons à vendre,133000000.00,XOF,Saly,Thiès,2,85,"5. mai, 18:37",https://www.expat-dakar.com/annonce/villa-residence-safari-a-50-m-de-la-plage-piscine-6683395
6641041,Ref_6234_PL – Villa TF à vendre au Point E,Maisons à vendre,524999999.00,XOF,Point-e,Dakar,4,493,"8. mai, 19:48",https://www.expat-dakar.com/annonce/ref-6234-pl-villa-tf-a-vendre-au-point-e-6641041
6674571,IMMEUBLE A VENDRE – PARCELLES ASSAINIES U12 ✨🏢,Maisons à vendre,130000000.00,XOF,Parcelles Assainies,Dakar,14,927,"1. juin, 15:50",https://www.expat-dakar.com/annonce/immeuble-a-vendre-parcelles-assainies-u12-6674571
6664873,Belle villa à vendre aux Mamelles,Maisons à vendre,315000000.00,XOF,Mamelles,Dakar,6,300,"22. mai, 14:07",https://www.expat-dakar.com/annonce/belle-villa-a-vendre-aux-mamelles-6664873
6656328,Maison à vendre à la cité Djiby Mbaye à 200 mètres a la mer,Maisons à vendre,250000000.00,XOF,Djily mbaye,Dakar,5,300,"31. mai, 23:08",https://www.expat-dakar.com/annonce/maison-a-vendre-a-la-cite-djiby-mbaye-a-200-metres-a-la-mer-6656328
6460456,VILLA A LOUER AUX MAMELLES,Maisons à vendre,350000000.00,XOF,Mamelles,Dakar,4,450,"5. mai, 10:35",https://www.expat-dakar.com/annonce/villa-a-louer-aux-mamelles-6460456
6636134,"Immeuble à vendre – Grand Mbao, Cité Baobab",Maisons à vendre,170000000.00,XOF,Mbao,Dakar,10,600,"19. mai, 12:44",https://www.expat-dakar.com/annonce/immeuble-a-vendre-grand-mbao-cite-baobab-6636134
6596294,Villa à vendre à Ngueringue Sérère,Maisons à vendre,180000000.00,XOF,Nguering,Thiès,,1040,"6. juil., 10:00",https://www.expat-dakar.com/annonce/villa-a-vendre-a-ngueringue-serere-6596294
6562883,Villa piscine lac rose en face du lac,Maisons à vendre,70000000.00,XOF,Lac rose,Dakar,3,250,"6. août, 12:05",https://www.expat-dakar.com/annonce/villa-piscine-lac-rose-en-face-du-lac-6562883
6452385,Villa à vendre aux mamelles pharmacie atlantique,Maisons à vendre,400000000.00,XOF,Mamelles,Dakar,4,275,"4. août, 15:57",https://www.expat-dakar.com/annonce/villa-a-vendre-aux-mamelles-pharmacie-atlantique-6452385
6528686,Villa R+1 à vendre à LIBERTE 6,Maisons à vendre,330000000.00,XOF,Liberte 6,Dakar,,300,"12. mai, 11:52",https://www.expat-dakar.com/annonce/villa-r1-a-vendre-a-liberte-6-6528686
6199980,Villa à vendre aux Almadies juste derrière Philippe Moris,Maisons à vendre,400000000.00,XOF,Almadies,Dakar,5,310,"mardi, 20:44",https://www.expat-dakar.com/annonce/villa-a-vendre-aux-almadies-juste-derriere-philippe-moris-6199980
6340929,Maison à vendre a la vdn derrière eslusive,Maisons à vendre,380000000.00,XOF,VDN,Dakar,4,400,"lundi, 21:41",https://www.expat-dakar.com/annonce/maison-a-vendre-a-la-vdn-derriere-eslusive-6340929
6738727,Appartement à vendre à Mermoz Dakar – Dernier étage,Appartements à vendre,250000000.00,XOF,Mermoz,Dakar,3,242,"25. juil., 14:30",https://www.expat-dakar.com/annonce/appartement-a-vendre-a-mermoz-dakar-dernier-etage-6738727
6827162,Appartement dakar ponty tower,Appartements à vendre,186750000.00,XOF,Plateau,Dakar,2,124,"Aujourd'hui, 08:50",https://www.expat-dakar.com/annonce/appartement-dakar-ponty-tower-6827162
6726615,Appartement F4 au point E /  Résidence CHEIKH LAMINE,Appartements à vendre,0.00,XOF,Point-e,Dakar,,,"18. mai, 17:00",https://www.expat-dakar.com/annonce/appartement-f4-au-point-e-residence-cheikh-lamine-6726615
6827630,Jolie Appartement à vendre aux Almadies vers Casino,Appartements à vendre,205000000.00,XOF,Almadies,Dakar,3,221,"Aujourd'hui, 17:04",https://www.expat-dakar.com/annonce/jolie-appartement-a-vendre-aux-almadies-vers-casino-6827630
6827456,Ref_4236_PL Appartement à vendre  à Liberté 6 extension,Appartements à vendre,75000000.00,XOF,Liberte 6 extension,Dakar,2,,"Aujourd'hui, 13:30",https://www.expat-dakar.com/annonce/ref-4236-pl-appartement-a-vendre-a-liberte-6-extension-6827456
6826975,Appartement à vendre dans le haut plateau assemblée,Appartements à vendre,440000000.00,XOF,Plateau,Dakar,3,226,"Hier, 14:29",https://www.expat-dakar.com/annonce/appartement-a-vendre-dans-le-haut-plateau-assemblee-6826975
6826809,Appartement haut de gamme à vendre aux Almadies,Appartements à vendre,250000000.00,XOF,Almadies,Dakar,4,285,"Hier, 12:04",https://www.expat-dakar.com/annonce/appartement-haut-de-gamme-a-vendre-aux-almadies-6826809
6826560,Appartement neuf f4 à la Zone B (face point E),Appartements à vendre,99000000.00,XOF,Ngor,Dakar,3,170,"Hier, 08:53",https://www.expat-dakar.com/annonce/appartement-neuf-f4-a-la-zone-b-face-point-e-6826560
6794788,Maison d’angle à vendre – À rénover ou à démolir – mamelle,Appartements à vendre,250000000.00,XOF,Mamelles,Dakar,4,253,"mercredi, 22:57",https://www.expat-dakar.com/annonce/maison-dangle-a-vendre-a-renover-ou-a-demolir-mamelle-6794788
6695288,À VENDRE – Magnifique Duplex 4 Chambres aux Almadies,Appartements à vendre,350000000.00,XOF,Almadies,Dakar,3,325,"mercredi, 22:55",https://www.expat-dakar.com/annonce/a-vendre-magnifique-duplex-4-chambres-aux-almadies-6695288
6823965,Appartement F2 au Point E,Appartements à vendre,56000000.00,XOF,Point-e,Dakar,1,56,"mercredi, 15:36",https://www.expat-dakar.com/annonce/appartement-f2-au-point-e-6823965
6761750,Appartement à vendre corniche Ouest Ouakam-Mamelles,Appartements à vendre,227000000.00,XOF,Corniche,Dakar,3,197,"mercredi, 13:18",https://www.expat-dakar.com/annonce/appartement-a-vendre-corniche-ouest-ouakam-mamelles-6761750
6765386,"Appartement à vendre aux Almadies, King Fahd Palace",Appartements à vendre,350000000.00,XOF,Almadies,Dakar,4,295,"mercredi, 13:18",https://www.expat-dakar.com/annonce/appartement-a-vendre-aux-almadies-king-fahd-palace-6765386
6826262,Appartement entièrement meublé à vendre à Liberté 1,Appartements à vendre,90000000.00,XOF,Liberte 1,Dakar,2,120,"mercredi, 12:37",https://www.expat-dakar.com/annonce/appartement-entierement-meuble-a-vendre-a-liberte-1-6826262
6754781,Appartement à vendre à la Cité Mbackiyou Faye Mamelles,Appartements à vendre,75000000.00,XOF,Mamelles,Dakar,3,,"mercredi, 10:23",https://www.expat-dakar.com/annonce/appartement-a-vendre-a-la-cite-mbackiyou-faye-mamelles-6754781
6753783,Appartement F4 à vendre à Mermoz à 3 mn de la corniche,Appartements à vendre,220000000.00,XOF,Mermoz,Dakar,3,177,"mercredi, 09:18",https://www.expat-dakar.com/annonce/appartement-f4-a-vendre-a-mermoz-a-3-mn-de-la-corniche-6753783
6639005,APPARTEMENT F4 A VENDRE ALMADIES,Appartements à vendre,160000000.00,XOF,Almadies,Dakar,3,173,"mardi, 21:16",https://www.expat-dakar.com/annonce/appartement-f4-a-vendre-almadies-6639005
6474052,F5 de 285 m² au 9ᵉ et dernier étage – Mamelles,Appartements à vendre,250000000.00,XOF,Mamelles,Dakar,4,285,"mardi, 13:46",https://www.expat-dakar.com/annonce/f5-de-285-m2-au-9-et-dernier-etage-mamelles-6474052
6825785,Ref_5017_GL Appartement à vendre à Mermoz,Appartements à vendre,2000000000.00,XOF,Mermoz,Dakar,3,240,"mardi, 14:39",https://www.expat-dakar.com/annonce/ref-5017-gl-appartement-a-vendre-a-mermoz-6825785
6825776,Ref_5017_GL Appartement à vendre à Mermoz,Appartements à vendre,220000000.00,XOF,Mermoz,Dakar,3,,"mardi, 14:31",https://www.expat-dakar.com/annonce/ref-5017-gl-appartement-a-vendre-a-mermoz-6825776
6825769,Ref_5017_GL Appartement à vendre à Mermoz,Appartements à vendre,180000000.00,XOF,Mermoz,Dakar,3,240,"mardi, 14:20",https://www.expat-dakar.com/annonce/ref-5017-gl-appartement-a-vendre-a-mermoz-6825769
6825739,À vendre à Mermoz – Superbe F4 d’angle de 230 m²,Appartements à vendre,205000000.00,XOF,Mermoz,Dakar,3,230,"mardi, 13:45",https://www.expat-dakar.com/annonce/a-vendre-a-mermoz-superbe-f4-dangle-de-230-m2-6825739
6721365,F5 de 210 m2 haut de gamme à vendre à Yoff,Appartements à vendre,155000000.00,XOF,Yoff,Dakar,3,210,"mardi, 13:02",https://www.expat-dakar.com/annonce/f5-de-210-m2-haut-de-gamme-a-vendre-a-yoff-6721365
6825690,Superbe F4+ de 225 m² –  Yoff Rte aéroport LSS,Appartements à vendre,150000000.00,XOF,Yoff,Dakar,3,225,"mardi, 13:02",https://www.expat-dakar.com/annonce/superbe-f4-de-225-m2-yoff-rte-aeroport-lss-6825690
6825657,STUDIO MEUBLÉ À VENDRE AU RECASEMENT ALMADIEU RECASEMENT,Appartements à vendre,65000000.00,XOF,Almadies,Dakar,1,65,"mardi, 12:39",https://www.expat-dakar.com/annonce/studio-meuble-a-vendre-au-recasement-almadieu-recasement-6825657
6482360,F4 à vendre au virage avec vue sur mer,Appartements à vendre,187000000.00,XOF,Virage,Dakar,3,170,"mardi, 12:05",https://www.expat-dakar.com/annonce/f4-a-vendre-au-virage-avec-vue-sur-mer-6482360
6249349,Appartement F2 a vendre au Point E en face piscine Olympique,Appartements à vendre,64990000.00,XOF,Point-e,Dakar,1,53,"mardi, 12:05",https://www.expat-dakar.com/annonce/appartement-f2-a-vendre-au-point-e-en-face-piscine-olympique-6249349
6794608,F2 Amitié,Appartements à vendre,48990000.00,XOF,Amitié,Dakar,1,43,"mardi, 12:04",https://www.expat-dakar.com/annonce/f2-amitie-6794608
6357103,Appartement F4 à vendre à Mermoz,Appartements à vendre,210000000.00,XOF,Mermoz,Dakar,3,200,"mardi, 11:33",https://www.expat-dakar.com/annonce/appartement-f4-a-vendre-a-mermoz-6357103
6825607,Ref_4171_GL Appartement à vendre aux Maristes,Appartements à vendre,150000000.00,XOF,Hann maristes,Dakar,3,,"mardi, 11:13",https://www.expat-dakar.com/annonce/ref-4171-gl-appartement-a-vendre-aux-maristes-6825607
6793898,Appartement Penthouse à vendre à la Cité Keur Gorgui VEFA,Appartements à vendre,0.00,XOF,Cité keur gorgui,Dakar,3,291,"mardi, 10:25",https://www.expat-dakar.com/annonce/appartement-penthouse-a-vendre-a-la-cite-keur-gorgui-vefa-6793898
6794119,Appartement f4 a vendre à la Cite Keur Gorgui VEFA,Appartements à vendre,0.00,XOF,Cité keur gorgui,Dakar,,140,"mardi, 10:25",https://www.expat-dakar.com/annonce/appartement-f4-a-vendre-a-la-cite-keur-gorgui-vefa-6794119
6685578,Appartement à vendre almadies,Appartements à vendre,370000000.00,XOF,Almadies,Dakar,3,264,"lundi, 15:09",https://www.expat-dakar.com/annonce/appartement-a-vendre-almadies-6685578
6825147,Appartement à vendre Mermoz sotrac,Appartements à vendre,215000000.00,XOF,Mermoz,Dakar,3,194,"lundi, 12:42",https://www.expat-dakar.com/annonce/appartement-a-vendre-mermoz-sotrac-6825147
6763187,APPARTEMENT F4 DE STANDING À VENDRE AUX ALMADIES,Appartements à vendre,350000000.00,XOF,Almadies,Dakar,3,310,"lundi, 12:35",https://www.expat-dakar.com/annonce/appartement-f4-de-standing-a-vendre-aux-almadies-6763187
6523146,Duplex F 4 à vendre à Fann résidence de haut standing,Appartements à vendre,640000000.00,XOF,Fann,Dakar,3,,"lundi, 17:40",https://www.expat-dakar.com/annonce/duplex-f-4-a-vendre-a-fann-residence-de-haut-standing-6523146
6603662,Appartement F2 53m² l,Appartements à vendre,69000000.00,XOF,Liberte 6 extension,Dakar,,53,"samedi, 18:36",https://www.expat-dakar.com/annonce/appartement-f2-53m2-l-6603662
6824355,Appartement a vendre aux almadies,Appartements à vendre,180000000.00,XOF,Almadies,Dakar,,171,"samedi, 15:21",https://www.expat-dakar.com/annonce/appartement-a-vendre-aux-almadies-6824355
6824030,APPARTEMENT D’EXCEPTION À VENDRE – 230 m² - LES ALMADIES,Appartements à vendre,235000000.00,XOF,Almadies,Dakar,3,230,"samedi, 12:15",https://www.expat-dakar.com/annonce/appartement-dexception-a-vendre-230-m2-les-almadies-6824030
6424756,Appartement F3 aménagé à vendre Ngor-Almadies,Appartements à vendre,115000000.00,XOF,Ngor,Dakar,2,120,"vendredi, 16:14",https://www.expat-dakar.com/annonce/appartement-f3-amenage-a-vendre-ngor-almadies-6424756
6818687,"Appartement en vente à Yoff, Dakar – Plus de 220m2",Appartements à vendre,120000000.00,XOF,Yoff,Dakar,3,225,"vendredi, 16:08",https://www.expat-dakar.com/annonce/appartement-en-vente-a-yoff-dakar-plus-de-220m2-6818687
6823999,PENTHOUSE À VENDRE AU MAMELLES CITÉ CHEIKH AMAR,Appartements à vendre,200000000.00,XOF,Mamelles,Dakar,5,275,"vendredi, 15:26",https://www.expat-dakar.com/annonce/penthouse-a-vendre-au-mamelles-cite-cheikh-amar-6823999
6609856,Somptueux Appartement F4 à vendre à la Résidence SIKI,Appartements à vendre,280000000.00,XOF,Ngor,Dakar,3,210,"vendredi, 14:43",https://www.expat-dakar.com/annonce/somptueux-appartement-f4-a-vendre-a-la-residence-siki-6609856
6690650,Appartement à vendre F3,Appartements à vendre,39000000.00,XOF,Golf,Dakar,3,77,"vendredi, 09:38",https://www.expat-dakar.com/annonce/appartement-a-vendre-f3-6690650
6485793,Appartement F4,Appartements à vendre,48000000.00,XOF,Golf,Dakar,4,105,"vendredi, 09:38",https://www.expat-dakar.com/annonce/appartement-f4-6485793
6823653,Appartement d'Exception Meublé – 220 m² aux Almadies,Appartements à vendre,325000000.00,XOF,Almadies,Dakar,3,220,"vendredi, 08:57",https://www.expat-dakar.com/annonce/appartement-dexception-meuble-220-m2-aux-almadies-6823653
6755676,APPARTEMENT F4 - À VENDRE - RÉSIDENCE ANNA,Appartements à vendre,260000000.00,XOF,Point-e,Dakar,4,207,"16. juin, 15:49",https://www.expat-dakar.com/annonce/appartement-f4-a-vendre-residence-anna-6755676
6754839,APPARTEMENT F4 – À VENDRE – RÉSIDENCE ZAHRA,Appartements à vendre,230000000.00,XOF,Fenêtre mermoz,Dakar,3,180,"11. juin, 09:09",https://www.expat-dakar.com/annonce/appartement-f4-a-vendre-residence-zahra-6754839
6823468,REF_9079_GL — Appartement à vendre à Mermoz | F2,Appartements à vendre,83000000.00,XOF,Mermoz,Dakar,1,70,"jeudi, 15:33",https://www.expat-dakar.com/annonce/ref-9079-gl-appartement-a-vendre-a-mermoz-f2-6823468
6823466,REF_9079_GL — Appartement à vendre à Mermoz | F4,Appartements à vendre,233000000.00,XOF,Mermoz,Dakar,4,196,"jeudi, 15:31",https://www.expat-dakar.com/annonce/ref-9079-gl-appartement-a-vendre-a-mermoz-f4-6823466
6823465,REF_9079_GL — Appartement à vendre à Mermoz | Penthouse,Appartements à vendre,410000000.00,XOF,Mermoz,Dakar,4,308,"jeudi, 15:29",https://www.expat-dakar.com/annonce/ref-9079-gl-appartement-a-vendre-a-mermoz-penthouse-6823465
6823440,Ref_9078_GL_Sacré-Cœur 1 Appartement à vendre,Appartements à vendre,236000000.00,XOF,Sacré-cœur,Dakar,3,206,"jeudi, 14:17",https://www.expat-dakar.com/annonce/ref-9078-gl-sacre-coeur-1-appartement-a-vendre-6823440
6823439,Ref_9078_GL Sacré-Cœur 1 A vendre Appartement F5 – 235 m²,Appartements à vendre,255000000.00,XOF,Sacré-cœur,Dakar,4,235,"jeudi, 14:14",https://www.expat-dakar.com/annonce/ref-9078-gl-sacre-coeur-1-a-vendre-appartement-f5-235-m2-6823439
6823438,Ref_9078_GL Sacré-Cœur 1 Penthouse de 534 m² à vendre,Appartements à vendre,628000000.00,XOF,Sacré-cœur,Dakar,5,533,"jeudi, 14:12",https://www.expat-dakar.com/annonce/ref-9078-gl-sacre-coeur-1-penthouse-de-534-m2-a-vendre-6823438
6768615,A vendre des  F5 de haut standing à FANN,Appartements à vendre,340000000.00,XOF,Fann,Dakar,3,232,"jeudi, 06:19",https://www.expat-dakar.com/annonce/a-vendre-des-f5-de-haut-standing-a-fann-6768615
6822897,Appartement à vendre en VEFA au Point E,Appartements à vendre,131000000.00,XOF,Point-e,Dakar,2,130,"jeudi, 13:11",https://www.expat-dakar.com/annonce/appartement-a-vendre-en-vefa-au-point-e-6822897
6822877,Appartement F4+G de 181 m² à Vendre – Résidence À Amitié 2,Appartements à vendre,216000000.00,XOF,Amitié,Dakar,3,181,"mercredi, 15:51",https://www.expat-dakar.com/annonce/appartement-f4g-de-181-m2-a-vendre-residence-a-amitie-2-6822877
6822874,Ref_9077_GL- Appartement à Vendre – Résidence À Amitié 2,Appartements à vendre,216000000.00,XOF,Amitié,Dakar,3,183,"mercredi, 15:33",https://www.expat-dakar.com/annonce/ref-9077-gl-appartement-a-vendre-residence-a-amitie-2-6822874
6822694,Ref_9077_GL Appartement D  à Vendre – Résidence À Amitié 2,Appartements à vendre,168000000.00,XOF,Amitié,Dakar,3,135,"mercredi, 15:30",https://www.expat-dakar.com/annonce/ref-9077-gl-appartement-d-a-vendre-residence-a-amitie-2-6822694
6822676,F4 Appartement à vendre aux Almadies,Appartements à vendre,243000000.00,XOF,Almadies,Dakar,3,178,"mercredi, 12:29",https://www.expat-dakar.com/annonce/f4-appartement-a-vendre-aux-almadies-6822676
6822649,Ref_9076_GL-F2 Appartement à vendre aux Almadies,Appartements à vendre,108000000.00,XOF,Almadies,Dakar,1,80,"mercredi, 12:15",https://www.expat-dakar.com/annonce/ref-9076-gl-f2-appartement-a-vendre-aux-almadies-6822649
6822621,Ref_9076_GL-F5 à vendre aux Almadies,Appartements à vendre,299000000.00,XOF,Almadies,Dakar,4,228,"mercredi, 12:04",https://www.expat-dakar.com/annonce/ref-9076-gl-f5-a-vendre-aux-almadies-6822621
6822611,Ref_9076_GL- Penthouse de 534 m² à vendre aux almadies,Appartements à vendre,629000000.00,XOF,Almadies,Dakar,5,534,"mercredi, 12:01",https://www.expat-dakar.com/annonce/ref-9076-gl-penthouse-de-534-m2-a-vendre-aux-almadies-6822611
6594447,À vendre corniche Ouakan F4 vue mer 3 chambres,Appartements à vendre,450000000.00,XOF,Ouakam,Dakar,3,321,"mercredi, 10:49",https://www.expat-dakar.com/annonce/a-vendre-corniche-ouakan-f4-vue-mer-3-chambres-6594447
6756280,Dakar Virage – Appartement Vue Mer de 262 m²,Appartements à vendre,225000000.00,XOF,Virage,Dakar,3,262,"mercredi, 09:22",https://www.expat-dakar.com/annonce/dakar-virage-appartement-vue-mer-de-262-m2-6756280
6264967,Appartements de Standing aux Almadies 2,Appartements à vendre,47500000.00,XOF,Almadies 2,Dakar,3,78,"21. mai, 10:22",https://www.expat-dakar.com/annonce/appartements-de-standing-aux-almadies-2-6264967
6783235,Appartement à vendre à la cité Keur Gorgui,Appartements à vendre,180000000.00,XOF,Cité keur gorgui,Dakar,,,"lundi, 17:24",https://www.expat-dakar.com/annonce/appartement-a-vendre-a-la-cite-keur-gorgui-6783235
6783229,Appartement à vendre à  la cité Keur Gorgui,Appartements à vendre,120000000.00,XOF,Cité keur gorgui,Dakar,,,"lundi, 17:23",https://www.expat-dakar.com/annonce/appartement-a-vendre-a-la-cite-keur-gorgui-6783229
6643759,Appartement à vendre sur la corniche des Almadies,Appartements à vendre,320000000.00,XOF,Almadies,Dakar,4,250,"lundi, 16:50",https://www.expat-dakar.com/annonce/appartement-a-vendre-sur-la-corniche-des-almadies-6643759
6810184,Appartement à vendre Résidence Safa Sud foire,Appartements à vendre,85000000.00,XOF,Sud foire,Dakar,2,124,"lundi, 15:42",https://www.expat-dakar.com/annonce/appartement-a-vendre-residence-safa-sud-foire-6810184
6697918,Appartement à vendre aux mamelles,Appartements à vendre,130000000.00,XOF,Mamelles,Dakar,3,150,"lundi, 13:01",https://www.expat-dakar.com/annonce/appartement-a-vendre-aux-mamelles-6697918
6796465,Appartement à Vendre Situé en face cité damel,Appartements à vendre,28000000.00,XOF,Cité Damel,Dakar,1,62,"6. août, 20:21",https://www.expat-dakar.com/annonce/appartement-a-vendre-situe-en-face-cite-damel-6796465
6622186,Bel appartement F5 au Point E,Appartements à vendre,280000000.00,XOF,Point-e,Dakar,3,,"samedi, 21:12",https://www.expat-dakar.com/annonce/bel-appartement-f5-au-point-e-6622186
6804810,Appartement à vendre,Appartements à vendre,90000000.00,XOF,Zone de captage,Dakar,,,"samedi, 17:34",https://www.expat-dakar.com/annonce/appartement-a-vendre-6804810
6818128,APPART F4  A VENDRE AMITIE,Appartements à vendre,160000000.00,XOF,Amitié,Dakar,3,156,"samedi, 00:21",https://www.expat-dakar.com/annonce/appart-f4-a-vendre-amitie-6818128
6380087,Ref_4199_PL Appartement à vendre à Diamniadio,Appartements à vendre,65000000.00,XOF,Diamniadio,Dakar,3,,"7. août, 15:04",https://www.expat-dakar.com/annonce/ref-4199-pl-appartement-a-vendre-a-diamniadio-6380087
6721295,Appartement haut standing au Plateau,Appartements à vendre,685000000.00,XOF,Plateau,Dakar,,,"15. juil., 20:26",https://www.expat-dakar.com/annonce/appartement-haut-standing-au-plateau-6721295
6817286,Appartement à vendre à sacré coeur 3,Appartements à vendre,130000000.00,XOF,Sacré-cœur,Dakar,3,,"6. août, 17:18",https://www.expat-dakar.com/annonce/appartement-a-vendre-a-sacre-coeur-3-6817286
6811873,Appartement à vendre ngor almadies,Appartements à vendre,380000000.00,XOF,Ngor,Dakar,3,214,"6. août, 00:40",https://www.expat-dakar.com/annonce/appartement-a-vendre-ngor-almadies-6811873
6190885,APPARTEMENTS EN VEFA,Appartements à vendre,65000000.00,XOF,Point-e,Dakar,,,"5. août, 15:25",https://www.expat-dakar.com/annonce/appartements-en-vefa-6190885
6779551,Appartement F4 neuf à vendre à Mermoz au 7e et dernier etage,Appartements à vendre,175000000.00,XOF,Mermoz,Dakar,3,160,"5. août, 08:30",https://www.expat-dakar.com/annonce/appartement-f4-neuf-a-vendre-a-mermoz-au-7e-et-dernier-etage-6779551
6814952,À VENDRE — JOLI F3 AUX ALMADIES | PETITE CORNICHE,Appartements à vendre,122000000.00,XOF,Almadies,Dakar,2,100,"4. août, 14:41",https://www.expat-dakar.com/annonce/a-vendre-joli-f3-aux-almadies-petite-corniche-6814952
6814829,Appartement 3 pièces lumineux 2 chambres fonctionnel,Appartements à vendre,33000000.00,XOF,Cite Mixta,Dakar,2,72,"4. août, 13:37",https://www.expat-dakar.com/annonce/appartement-3-pieces-lumineux-2-chambres-fonctionnel-6814829
6814839,Appartement à vendre au Point E,Appartements à vendre,115000000.00,XOF,Point-e,Dakar,2,124,"4. août, 12:45",https://www.expat-dakar.com/annonce/appartement-a-vendre-au-point-e-6814839
6494979,Fann Résidence - Livraison imminente neuf F4 haut standing,Appartements à vendre,315000000.00,XOF,Fann,Dakar,3,230,"2. août, 19:26",https://www.expat-dakar.com/annonce/fann-residence-livraison-imminente-neuf-f4-haut-standing-6494979
6784065,Appartement 3 chambres salon avec 4 clim,Appartements à vendre,40000000.00,XOF,Mbour,Thiès,3,,"31. juil., 13:07",https://www.expat-dakar.com/annonce/appartement-3-chambres-salon-avec-4-clim-6784065
6715150,Appartement à vendre aux Almadies,Appartements à vendre,200000000.00,XOF,Almadies,Dakar,3,,"8. mai, 12:22",https://www.expat-dakar.com/annonce/appartement-a-vendre-aux-almadies-6715150
6755760,APPARTEMENT F4 À VENDRE À MERMOZ / RESIDENCE AMARY,Appartements à vendre,200000000.00,XOF,Mermoz,Dakar,3,177,"11. juin, 10:23",https://www.expat-dakar.com/annonce/appartement-f4-a-vendre-a-mermoz-residence-amary-6755760
6810376,APPARTEMENT F3 À VENDRE AU POINT-E,Appartements à vendre,130000000.00,XOF,Point-e,Dakar,2,98,"30. juil., 13:15",https://www.expat-dakar.com/annonce/appartement-f3-a-vendre-au-point-e-6810376
6232651,Duplex d'exception en rooftop front de mer Ngor Virage,Appartements à vendre,339000000.00,XOF,Ngor,Dakar,7,326,"29. juil., 14:53",https://www.expat-dakar.com/annonce/duplex-dexception-en-rooftop-front-de-mer-ngor-virage-6232651
6752109,Appartement F3 à vendre - Résidence Seradi,Appartements à vendre,125000000.00,XOF,Ouakam,Dakar,,,"29. juil., 12:22",https://www.expat-dakar.com/annonce/appartement-f3-a-vendre-residence-seradi-6752109
6770880,Appartement à vendre almadies,Appartements à vendre,200000000.00,XOF,Almadies,Dakar,3,198,"29. juil., 09:40",https://www.expat-dakar.com/annonce/appartement-a-vendre-almadies-6770880
6531790,RESIDENCE SOKHNA BOUSSO DIENG,Appartements à vendre,109250000.00,XOF,Djily mbaye,Dakar,2,111,"28. juil., 15:45",https://www.expat-dakar.com/annonce/residence-sokhna-bousso-dieng-6531790
6513159,UN STUDIO F2 À VENDRE À LA RÉSIDENCE PONTY,Appartements à vendre,85000000.00,XOF,Plateau,Dakar,1,42,"28. juil., 15:37",https://www.expat-dakar.com/annonce/un-studio-f2-a-vendre-a-la-residence-ponty-6513159
6702424,STUDIO F2 AUX ALMADIES,Appartements à vendre,54000000.00,XOF,Almadies,Dakar,1,,"28. juil., 09:45",https://www.expat-dakar.com/annonce/studio-f2-aux-almadies-6702424
6530379,Ref_4215_GL – Superbe appartement à vendre aux Almadies,Appartements à vendre,260000000.00,XOF,Almadies,Dakar,4,197,"27. juil., 11:18",https://www.expat-dakar.com/annonce/ref-4215-gl-superbe-appartement-a-vendre-aux-almadies-6530379
6285135,Ref_4179_GL  Appartement à vendre au point E.,Appartements à vendre,135000000.00,XOF,Point-e,Dakar,3,,"27. juil., 11:14",https://www.expat-dakar.com/annonce/ref-4179-gl-appartement-a-vendre-au-point-e-6285135
6133889,F4 à vendre à la Sicap Foire,Appartements à vendre,114600000.00,XOF,Sicap foire,Dakar,,233,"27. juil., 11:08",https://www.expat-dakar.com/annonce/f4-a-vendre-a-la-sicap-foire-6133889
6777085,Appartements a vendre sur l'avenue CHEIKH ANTA DIOP,Appartements à vendre,92000000.00,XOF,Point-e,Dakar,,,"6. juil., 15:10",https://www.expat-dakar.com/annonce/appartements-a-vendre-sur-lavenue-cheikh-anta-diop-6777085
6777001,Appartements a vendre a Diamniadio - Teyiom Properties,Appartements à vendre,29000000.00,XOF,Diamniadio,Dakar,,,"6. juil., 15:10",https://www.expat-dakar.com/annonce/appartements-a-vendre-a-diamniadio-teyiom-properties-6777001
6791818,ESPACE PROFESSIONNEL NEUF SICAP BAOBAB,Appartements à vendre,90000000.00,XOF,Sicap baobab,Dakar,3,82,"26. juil., 21:20",https://www.expat-dakar.com/annonce/espace-professionnel-neuf-sicap-baobab-6791818
6804285,Vente joli appartement F4 standing à Mermoz Dakar,Appartements à vendre,230000000.00,XOF,Mermoz,Dakar,3,236,"24. juil., 22:49",https://www.expat-dakar.com/annonce/vente-joli-appartement-f4-standing-a-mermoz-dakar-6804285
6524003,RESIDENCE SEVEN,Appartements à vendre,160000000.00,XOF,Liberte 6,Dakar,3,201,"24. juil., 10:07",https://www.expat-dakar.com/annonce/residence-seven-6524003
6803017,Appartement vente sur plan (vefa),Appartements à vendre,60000000.00,XOF,Dakar,Dakar,2,100,"24. juil., 08:49",https://www.expat-dakar.com/annonce/appartement-vente-sur-plan-vefa-6803017
6802712,Appartement F4 meublé à vendre – Ngor Almadies,Appartements à vendre,0.00,XOF,Ngor,Dakar,3,139,"23. juil., 15:47",https://www.expat-dakar.com/annonce/appartement-f4-meuble-a-vendre-ngor-almadies-6802712
6588017,Superbe Duplex a Fann avec Vue sur mer,Appartements à vendre,360000000.00,XOF,Fann Hock,Dakar,4,250,"23. juil., 13:57",https://www.expat-dakar.com/annonce/superbe-duplex-a-fann-avec-vue-sur-mer-6588017
6410982,PENTHOUSE DE 500 m2 AUX ALMADIES,Appartements à vendre,400000000.00,XOF,Almadies,Dakar,5,500,"23. juil., 09:45",https://www.expat-dakar.com/annonce/penthouse-de-500-m2-aux-almadies-6410982
6802043,APPARTEMENTS F3 & F4 À  VENDRE - MERMOZ,Appartements à vendre,210000000.00,XOF,Mermoz,Dakar,,,"23. juil., 09:15",https://www.expat-dakar.com/annonce/appartements-f3-f4-a-vendre-mermoz-6802043
6799857,APPARTEMENT A VENDRE AVEC LES MEUBLES,Appartements à vendre,105000000.00,XOF,Cité biagui,Dakar,2,98,"21. juil., 16:22",https://www.expat-dakar.com/annonce/appartement-a-vendre-avec-les-meubles-6799857
6615236,Appartement a vendre aux Almadies,Appartements à vendre,0.00,XOF,Almadies,Dakar,,,"21. juil., 13:19",https://www.expat-dakar.com/annonce/appartement-a-vendre-aux-almadies-6615236
6615188,Appartement  à vendre aux Almadies,Appartements à vendre,0.00,XOF,Almadies,Dakar,,200,"21. juil., 13:18",https://www.expat-dakar.com/annonce/appartement-a-vendre-aux-almadies-6615188
6777492,F3 à vendre à la SICAP Foire,Appartements à vendre,93800000.00,XOF,Sicap foire,Dakar,,140,"20. juil., 12:38",https://www.expat-dakar.com/annonce/f3-a-vendre-a-la-sicap-foire-6777492
6792954,APPARTEMENT F5 À VENDRE – OUAKAM,Appartements à vendre,270000000.00,XOF,Ouakam,Dakar,4,270,"21. juil., 11:35",https://www.expat-dakar.com/annonce/appartement-f5-a-vendre-ouakam-6792954
6299065,APPARTEMENTS À VENDRE À SACRÉ-CŒUR 3,Appartements à vendre,103665991.00,XOF,Sacré-cœur,Dakar,2,81,"21. juil., 09:33",https://www.expat-dakar.com/annonce/appartements-a-vendre-a-sacre-coeur-3-6299065
6644241,APPART F4 A VENDRE LIBERTE 6,Appartements à vendre,180000000.00,XOF,Liberte 6 extension,Dakar,3,191,"20. juil., 21:36",https://www.expat-dakar.com/annonce/appart-f4-a-vendre-liberte-6-6644241
6752331,Appartement F4 à vendre - Résidence Seradi,Appartements à vendre,175000000.00,XOF,Ouakam,Dakar,,,"16. juil., 16:05",https://www.expat-dakar.com/annonce/appartement-f4-a-vendre-residence-seradi-6752331
6618396,APPARTEMENTS F3 F4 À VENDRE À AMITIÉ,Appartements à vendre,110500000.00,XOF,Amitié,Dakar,2,125,"15. juil., 12:30",https://www.expat-dakar.com/annonce/appartements-f3-f4-a-vendre-a-amitie-6618396
6790336,Appartement à vendre almadies,Appartements à vendre,330000000.00,XOF,Almadies,Dakar,3,207,"19. juil., 02:24",https://www.expat-dakar.com/annonce/appartement-a-vendre-almadies-6790336
6771004,Investissement d’appartement rentable,Appartements à vendre,59400000.00,XOF,Mamelles,Dakar,2,50,"24. juin, 11:20",https://www.expat-dakar.com/annonce/investissement-dappartement-rentable-6771004
6721544,F4 à vendre à la Cité Keur Guorgui,Appartements à vendre,140000000.00,XOF,Cité keur gorgui,Dakar,3,145,"18. juil., 17:38",https://www.expat-dakar.com/annonce/f4-a-vendre-a-la-cite-keur-guorgui-6721544
6795757,Bel appartement F5 à la cité Ataya,Appartements à vendre,125000000.00,XOF,Yoff,Dakar,4,165,"17. juil., 15:11",https://www.expat-dakar.com/annonce/bel-appartement-f5-a-la-cite-ataya-6795757
6550054,F4 à vendre au virage avec vue sur mer,Appartements à vendre,139990000.00,XOF,Virage,Dakar,3,143,"16. juil., 17:20",https://www.expat-dakar.com/annonce/f4-a-vendre-au-virage-avec-vue-sur-mer-6550054
6794529,Vente d’appart F5 en VEFA a Mermoz,Appartements à vendre,220000000.00,XOF,Mermoz,Dakar,4,,"16. juil., 15:47",https://www.expat-dakar.com/annonce/vente-dappart-f5-en-vefa-a-mermoz-6794529
6668794,Appartement à vendre en VEFA – Résidence SouRok 9,Appartements à vendre,58000000.00,XOF,Point-e,Dakar,,,"16. juil., 15:08",https://www.expat-dakar.com/annonce/appartement-a-vendre-en-vefa-residence-sourok-9-6668794
6597844,SOUROK 8 – APPARTEMENTS À VENDRE À BOURGUIBA,Appartements à vendre,78000000.00,XOF,Avenue Bourguiba,Dakar,,,"16. juil., 15:08",https://www.expat-dakar.com/annonce/sourok-8-appartements-a-vendre-a-bourguiba-6597844
6794148,Luxueux appartement à vendre,Appartements à vendre,317000000.00,XOF,Dakar,Dakar,3,230,"16. juil., 11:36",https://www.expat-dakar.com/annonce/luxueux-appartement-a-vendre-6794148
6500202,APPARTEMENTS À VENDRE À LIBERTÉ 6,Appartements à vendre,96000000.00,XOF,Liberte 6,Dakar,,77,"15. juil., 12:27",https://www.expat-dakar.com/annonce/appartements-a-vendre-a-liberte-6-6500202
6793045,Appartement 2 chambres avec vue mer –à vendre,Appartements à vendre,320000000.00,XOF,Fenêtre mermoz,Dakar,2,150,"15. juil., 17:15",https://www.expat-dakar.com/annonce/appartement-2-chambres-avec-vue-mer-a-vendre-6793045
6419747,F3 à vendre au Point E,Appartements à vendre,0.00,XOF,Point-e,Dakar,2,137,"7. juil., 11:21",https://www.expat-dakar.com/annonce/f3-a-vendre-au-point-e-6419747
6419827,F4 à vendre au Point E,Appartements à vendre,0.00,XOF,Point-e,Dakar,3,,"7. juil., 11:19",https://www.expat-dakar.com/annonce/f4-a-vendre-au-point-e-6419827
6495033,APPARTEMENTS F4 À VENDRE À LIBERTÉ 6,Appartements à vendre,171900000.00,XOF,Liberte 6,Dakar,3,191,"15. juil., 12:28",https://www.expat-dakar.com/annonce/appartements-f4-a-vendre-a-liberte-6-6495033
6523988,RÉSIDENCE MAYOMBA,Appartements à vendre,85500000.00,XOF,Almadies,Dakar,,,"15. juil., 12:27",https://www.expat-dakar.com/annonce/residence-mayomba-6523988
6645777,APPARTEMENT F4 À VENDRE À SACRÉ-CŒUR,Appartements à vendre,130000000.00,XOF,Sacré-cœur,Dakar,3,147,"15. juil., 12:26",https://www.expat-dakar.com/annonce/appartement-f4-a-vendre-a-sacre-coeur-6645777
6639981,APPARTEMENT F4 À VENDRE À SACRÉ-CŒUR 1,Appartements à vendre,135000000.00,XOF,Sacré-cœur,Dakar,3,150,"15. juil., 12:26",https://www.expat-dakar.com/annonce/appartement-f4-a-vendre-a-sacre-coeur-1-6639981
6554640,Appartement F4 de 197 m² à vendre au Point E,Appartements à vendre,180000000.00,XOF,Point-e,Dakar,3,197,"15. juil., 12:20",https://www.expat-dakar.com/annonce/appartement-f4-de-197-m2-a-vendre-au-point-e-6554640
6444742,RÉSIDENCE HOENEMS AU VIRAGE,Appartements à vendre,146700000.00,XOF,Virage,Dakar,3,163,"15. juil., 12:19",https://www.expat-dakar.com/annonce/residence-hoenems-au-virage-6444742
6761614,Résidences YA KHARY,Appartements à vendre,31000000.00,XOF,Mermoz,Dakar,,21,"16. juin, 15:02",https://www.expat-dakar.com/annonce/residences-ya-khary-6761614
6791315,Appartement 3 chambres 188m2 avec piscine et terrasse,Appartements à vendre,130000000.00,XOF,Dakar,Dakar,3,188,"14. juil., 13:27",https://www.expat-dakar.com/annonce/appartement-3-chambres-188m2-avec-piscine-et-terrasse-6791315
6614559,Appartement à vendre au Plateau,Appartements à vendre,160000000.00,XOF,Plateau,Dakar,,,"Hier, 17:55",https://www.expat-dakar.com/annonce/appartement-a-vendre-au-plateau-6614559
6374151,Ref _9057_ GL  Appartement À VENDRE –  F4 – Liberté 6,Appartements à vendre,165300000.00,XOF,Liberte 6,Dakar,3,198,"14. juil., 12:07",https://www.expat-dakar.com/annonce/ref-9057-gl-appartement-a-vendre-f4-liberte-6-6374151
6279936,RÉSIDENCE TOUMAÏ,Appartements à vendre,146304000.00,XOF,Amitié,Dakar,3,163,"13. juil., 18:00",https://www.expat-dakar.com/annonce/residence-toumai-6279936
6705882,APPARTEMENTS F4 ET F5 À VENDRE AUX ALMADIES,Appartements à vendre,194400000.00,XOF,Almadies,Dakar,3,236,"1. juil., 10:52",https://www.expat-dakar.com/annonce/appartements-f4-et-f5-a-vendre-aux-almadies-6705882
6740592,APPARTEMENTS F3 F4 À VENDRE À OUEST FOIRE,Appartements à vendre,127500000.00,XOF,Ouest foire,Dakar,2,150,"1. juin, 11:03",https://www.expat-dakar.com/annonce/appartements-f3-f4-a-vendre-a-ouest-foire-6740592
6777303,Belle Villa avec piscine a Saly,Appartements à vendre,241064000.00,XOF,Saly,Thiès,3,1131,"30. juin, 12:53",https://www.expat-dakar.com/annonce/belle-villa-avec-piscine-a-saly-6777303
6418168,SouRok 8 - Appartements à vendre en VEFA,Appartements à vendre,117000000.00,XOF,Point-e,Dakar,,,"13. juil., 14:20",https://www.expat-dakar.com/annonce/sourok-8-appartements-a-vendre-en-vefa-6418168
6690673,SouRok 9 - Appartements à vendre en VEFA,Appartements à vendre,115000000.00,XOF,Amitié,Dakar,2,100,"13. juil., 14:20",https://www.expat-dakar.com/annonce/sourok-9-appartements-a-vendre-en-vefa-6690673
6788507,Appartement avec les Meubles Avendre,Appartements à vendre,125000000.00,XOF,Almadies,Dakar,2,111,"11. juil., 19:07",https://www.expat-dakar.com/annonce/appartement-avec-les-meubles-avendre-6788507
6617090,Appartement F3 Vefa Zone B face point E,Appartements à vendre,80000000.00,XOF,Point-e,Dakar,2,133,"10. juil., 11:50",https://www.expat-dakar.com/annonce/appartement-f3-vefa-zone-b-face-point-e-6617090
6402889,Espace commercial RDC zone B/Point E avec parkings,Appartements à vendre,160000000.00,XOF,Point-e,Dakar,,,"10. juil., 12:05",https://www.expat-dakar.com/annonce/espace-commercial-rdc-zone-bpoint-e-avec-parkings-6402889
6718328,Immeuble R+4 à vendre,Appartements à vendre,500000000.00,XOF,Dakar,Dakar,,200,"10. juil., 13:34",https://www.expat-dakar.com/annonce/immeuble-r4-a-vendre-6718328
6628576,F3 à vendre au Point E,Appartements à vendre,118990000.00,XOF,Point-e,Dakar,2,108,"9. juil., 17:25",https://www.expat-dakar.com/annonce/f3-a-vendre-au-point-e-6628576
6628455,F2 à vendre au Point E,Appartements à vendre,73990000.00,XOF,Point-e,Dakar,1,62,"9. juil., 17:25",https://www.expat-dakar.com/annonce/f2-a-vendre-au-point-e-6628455
6731216,Location vente Appartement type F3 F4,Appartements à vendre,120000000.00,XOF,Virage,Dakar,3,180,"22. mai, 22:16",https://www.expat-dakar.com/annonce/location-vente-appartement-type-f3-f4-6731216
6667495,APPARTEMENTS F2 F3 F4 À VENDRE À AMITIÉ 2,Appartements à vendre,70000000.00,XOF,Amitié,Dakar,1,73,"24. juin, 16:47",https://www.expat-dakar.com/annonce/appartements-f2-f3-f4-a-vendre-a-amitie-2-6667495
6778347,APPARTEMENTS F5 À VENDRE À LA CITÉ AFRICA,Appartements à vendre,260000000.00,XOF,Ouakam,Dakar,4,269,"1. juil., 12:11",https://www.expat-dakar.com/annonce/appartements-f5-a-vendre-a-la-cite-africa-6778347
6780608,APPARTEMENTS F3 F5 À VENDRE AUX ALMADIES,Appartements à vendre,141000000.00,XOF,Almadies,Dakar,2,157,"3. juil., 12:45",https://www.expat-dakar.com/annonce/appartements-f3-f5-a-vendre-aux-almadies-6780608
6786259,Réseidences SIINE,Appartements à vendre,40990000.00,XOF,Mamelles,Dakar,2,58,"9. juil., 09:13",https://www.expat-dakar.com/annonce/reseidences-siine-6786259
6255502,SOWETO,Appartements à vendre,86400000.00,XOF,Cité keur gorgui,Dakar,,96,"9. juil., 08:49",https://www.expat-dakar.com/annonce/soweto-6255502
6417107,"Appartement à vendre en Vefa au plateau, centre-ville",Appartements à vendre,95000000.00,XOF,Plateau,Dakar,,,"8. juil., 11:20",https://www.expat-dakar.com/annonce/appartement-a-vendre-en-vefa-au-plateau-centre-ville-6417107
6636440,Appartement à Vendre à Ouest Foire,Appartements à vendre,35000000.00,XOF,Ouest foire,Dakar,1,,"8. juil., 09:25",https://www.expat-dakar.com/annonce/appartement-a-vendre-a-ouest-foire-6636440
6425936,Appart F3 à vendre avec les meubles Ngor Almadies,Appartements à vendre,110000000.00,XOF,Ngor,Dakar,2,112,"6. juil., 17:12",https://www.expat-dakar.com/annonce/appart-f3-a-vendre-avec-les-meubles-ngor-almadies-6425936
6722986,Appartement à vendre à Sacré cœur 3,Appartements à vendre,60000000.00,XOF,Sacré-cœur,Dakar,2,80,"6. juil., 10:19",https://www.expat-dakar.com/annonce/appartement-a-vendre-a-sacre-coeur-3-6722986
6664007,Appartement F4 à vendre à Dakar – Yoff – Standing,Appartements à vendre,185000000.00,XOF,Yoff,Dakar,3,272,"5. juil., 16:24",https://www.expat-dakar.com/annonce/appartement-f4-a-vendre-a-dakar-yoff-standing-6664007
6740891,Magnifique duplex vue mer fann hock,Appartements à vendre,360000000.00,XOF,Fann Hock,Dakar,,,"5. juil., 11:01",https://www.expat-dakar.com/annonce/magnifique-duplex-vue-mer-fann-hock-6740891
6745953,Appartement à vendre de 03 Chambres aux Mamelles,Appartements à vendre,115000000.00,XOF,Mamelles,Dakar,3,140,"20. juin, 11:53",https://www.expat-dakar.com/annonce/appartement-a-vendre-de-03-chambres-aux-mamelles-6745953
6592141,Appartements à vendre aux Almadies,Appartements à vendre,120000000.00,XOF,Almadies,Dakar,2,,"10. juil., 16:14",https://www.expat-dakar.com/annonce/appartements-a-vendre-aux-almadies-6592141
6711683,"F5 avec Salle de Sport, Cinéma & Jacuzzi aux Almadies",Appartements à vendre,199000000.00,XOF,Almadies,Dakar,4,160,"10. juil., 16:15",https://www.expat-dakar.com/annonce/f5-avec-salle-de-sport-cinema-jacuzzi-aux-almadies-6711683
6528885,Très joli appartement F4 au Virage,Appartements à vendre,155000000.00,XOF,Virage,Dakar,3,,"3. juil., 12:37",https://www.expat-dakar.com/annonce/tres-joli-appartement-f4-au-virage-6528885
6779567,Duplex F4+ HAUT STANDING À VENDRE,Appartements à vendre,1875000.00,XOF,Fann,Dakar,3,368,"2. juil., 15:47",https://www.expat-dakar.com/annonce/duplex-f4-haut-standing-a-vendre-6779567
6777486,F2 à vendre à la SICAP Foire,Appartements à vendre,59000000.00,XOF,Sicap foire,Dakar,,,"1. juil., 15:16",https://www.expat-dakar.com/annonce/f2-a-vendre-a-la-sicap-foire-6777486
6398869,Appartements haut standings sis aux almadies (vefa),Appartements à vendre,65000000.00,XOF,Almadies,Dakar,1,54,"30. juin, 21:40",https://www.expat-dakar.com/annonce/appartements-haut-standings-sis-aux-almadies-vefa-6398869
6673030,Appartement à vendre au Point E,Appartements à vendre,64000000.00,XOF,Point-e,Dakar,1,68,"30. juin, 16:46",https://www.expat-dakar.com/annonce/appartement-a-vendre-au-point-e-6673030
6777104,Appartements a vendre aux Mamelles,Appartements à vendre,89000000.00,XOF,Mamelles,Dakar,,,"30. juin, 16:06",https://www.expat-dakar.com/annonce/appartements-a-vendre-aux-mamelles-6777104
6631837,Appartement à vendre Ouakam corniche,Appartements à vendre,100000000.00,XOF,Corniche,Dakar,2,130,"30. juin, 15:32",https://www.expat-dakar.com/annonce/appartement-a-vendre-ouakam-corniche-6631837
6777405,APPARTEMENT à VENDRE à  DAKAR PLATEAU,Appartements à vendre,355000000.00,XOF,VDN,Dakar,3,200,"30. juin, 15:06",https://www.expat-dakar.com/annonce/appartement-a-vendre-a-dakar-plateau-6777405
6777376,APPARTEMENT à VENDRE à aux MAMELLES,Appartements à vendre,70000000.00,XOF,VDN,Dakar,3,,"30. juin, 13:50",https://www.expat-dakar.com/annonce/appartement-a-vendre-a-aux-mamelles-6777376
6777349,APPARTEMENT à VENDRE YOFF OCEAN,Appartements à vendre,155000000.00,XOF,Yoff,Dakar,3,185,"30. juin, 16:39",https://www.expat-dakar.com/annonce/appartement-a-vendre-yoff-ocean-6777349
6481287,appartement F4 au Point-E en face de la piscine olympique,Appartements à vendre,160000000.00,XOF,Point-e,Dakar,3,140,"30. juin, 10:47",https://www.expat-dakar.com/annonce/appartement-f4-au-point-e-en-face-de-la-piscine-olympique-6481287
6549904,F4 de 170m² au point E,Appartements à vendre,190000000.00,XOF,Point-e,Dakar,3,170,"30. juin, 10:46",https://www.expat-dakar.com/annonce/f4-de-170m2-au-point-e-6549904
6645473,Magnifique appartement de type F4 à vendre,Appartements à vendre,199000000.00,XOF,Almadies,Dakar,3,216,"18. juin, 16:50",https://www.expat-dakar.com/annonce/magnifique-appartement-de-type-f4-a-vendre-6645473
6726136,APPARTEMENTS F3 F4 F5 ET DUPLEX À VENDRE À MERMOZ,Appartements à vendre,100300000.00,XOF,Mermoz,Dakar,2,100,"18. mai, 10:34",https://www.expat-dakar.com/annonce/appartements-f3-f4-f5-et-duplex-a-vendre-a-mermoz-6726136
6150295,Appartement moderne avec une vue panoramique,Appartements à vendre,146700000.00,XOF,Virage,Dakar,3,161,"29. juin, 10:23",https://www.expat-dakar.com/annonce/appartement-moderne-avec-une-vue-panoramique-6150295
6637635,DES APPARTS F4 ET F5 A VENDRE MAMELLES,Appartements à vendre,345000000.00,XOF,Mamelles,Dakar,3,267,"28. juin, 19:38",https://www.expat-dakar.com/annonce/des-apparts-f4-et-f5-a-vendre-mamelles-6637635
6531111,Bel appartement vue mer Almadies,Appartements à vendre,90000000.00,XOF,Almadies,Dakar,,,"25. juin, 21:38",https://www.expat-dakar.com/annonce/bel-appartement-vue-mer-almadies-6531111
6772411,VENDRE – F4 Haut Standing Meublé et Équipé,Appartements à vendre,100000000.00,XOF,Point-e,Dakar,3,115,"Aujourd'hui, 12:12",https://www.expat-dakar.com/annonce/vendre-f4-haut-standing-meuble-et-equipe-6772411
6479255,Ref_4213_GL  Appartement à vendre à Mermoz,Appartements à vendre,240000000.00,XOF,Mermoz,Dakar,4,,"25. juin, 12:21",https://www.expat-dakar.com/annonce/ref-4213-gl-appartement-a-vendre-a-mermoz-6479255
6770124,À vendre : appartement neuf F4 à Sacré-Cœur,Appartements à vendre,210000000.00,XOF,Sacré-cœur,Dakar,3,,"24. juin, 13:51",https://www.expat-dakar.com/annonce/a-vendre-appartement-neuf-f4-a-sacre-coeur-6770124
6656225,Appartement à vendre à Amitié 3 VDN,Appartements à vendre,125000000.00,XOF,Amitié,Dakar,3,153,"5. août, 20:07",https://www.expat-dakar.com/annonce/appartement-a-vendre-a-amitie-3-vdn-6656225
6740904,Superbe appartement à vendre Almadies,Appartements à vendre,235000000.00,XOF,Almadies,Dakar,,,"23. juin, 18:00",https://www.expat-dakar.com/annonce/superbe-appartement-a-vendre-almadies-6740904
6768616,APPARTEMENT LUXUEUR,Appartements à vendre,260000000.00,XOF,Almadies,Dakar,3,200,"22. juin, 23:20",https://www.expat-dakar.com/annonce/appartement-luxueur-6768616
6623848,Appartement F2 Jaune à Sacré-Cœur,Appartements à vendre,62000000.00,XOF,Sacré-cœur,Dakar,1,51,"22. juin, 15:44",https://www.expat-dakar.com/annonce/appartement-f2-jaune-a-sacre-coeur-6623848
6740900,Fann mermoz appartement à vendre,Appartements à vendre,260000000.00,XOF,Fann,Dakar,,,"19. juin, 17:10",https://www.expat-dakar.com/annonce/fann-mermoz-appartement-a-vendre-6740900
6765786,Appartement a vendre au point E,Appartements à vendre,300000000.00,XOF,Point-e,Dakar,3,300,"8. juil., 11:12",https://www.expat-dakar.com/annonce/appartement-a-vendre-au-point-e-6765786
6196777,RESIDENCE M.A.D F5 HAUT STANDING,Appartements à vendre,230000000.00,XOF,Cité keur gorgui,Dakar,4,286,"18. juin, 17:01",https://www.expat-dakar.com/annonce/residence-mad-f5-haut-standing-6196777
5428824,Résidence D SQUARE à vendre aux Almadies,Appartements à vendre,135000000.00,XOF,Almadies,Dakar,,157,"18. juin, 17:00",https://www.expat-dakar.com/annonce/residence-d-square-a-vendre-aux-almadies-5428824
5803599,Résidence EDGE,Appartements à vendre,175000000.00,XOF,Yoff,Dakar,4,256,"18. juin, 16:59",https://www.expat-dakar.com/annonce/residence-edge-5803599
6196813,RESIDENCE AMIRA F5 HAUT STANDING,Appartements à vendre,200000000.00,XOF,Almadies,Dakar,3,200,"18. juin, 16:58",https://www.expat-dakar.com/annonce/residence-amira-f5-haut-standing-6196813
6764394,Appartement à vendre Sipres 4 ouest foire,Appartements à vendre,70000000.00,XOF,Ouest foire,Dakar,2,82,"18. juin, 13:34",https://www.expat-dakar.com/annonce/appartement-a-vendre-sipres-4-ouest-foire-6764394
6667299,Appartement F4 à vendre à Cité keur Gorgui,Appartements à vendre,160000000.00,XOF,Cité keur gorgui,Dakar,3,,"18. juin, 12:50",https://www.expat-dakar.com/annonce/appartement-f4-a-vendre-a-cite-keur-gorgui-6667299
6667593,Appartement à vendre à la cite keur Gorgui,Appartements à vendre,0.00,XOF,Cité keur gorgui,Dakar,,,"18. juin, 12:49",https://www.expat-dakar.com/annonce/appartement-a-vendre-a-la-cite-keur-gorgui-6667593
6209935,Bel appartement F4 à vendre avec prestations haut de gamme,Appartements à vendre,80000000.00,XOF,Zone de captage,Dakar,3,100,"13. mai, 13:45",https://www.expat-dakar.com/annonce/bel-appartement-f4-a-vendre-avec-prestations-haut-de-gamme-6209935
6615343,Appartement à vendre la Cité Keur Gorgui,Appartements à vendre,0.00,XOF,Cité keur gorgui,Dakar,,286,"12. mai, 12:54",https://www.expat-dakar.com/annonce/appartement-a-vendre-la-cite-keur-gorgui-6615343
6615092,Appartement haut standing à vendre à Ouakam,Appartements à vendre,0.00,XOF,Ouakam,Dakar,,300,"17. juin, 11:28",https://www.expat-dakar.com/annonce/appartement-haut-standing-a-vendre-a-ouakam-6615092
6615471,Appartements à vendre à Yoff,Appartements à vendre,0.00,XOF,Yoff,Dakar,,265,"17. juin, 11:28",https://www.expat-dakar.com/annonce/appartements-a-vendre-a-yoff-6615471
6615266,Appartement à vendre aux Maristes,Appartements à vendre,0.00,XOF,Hann maristes,Dakar,,,"17. juin, 11:26",https://www.expat-dakar.com/annonce/appartement-a-vendre-aux-maristes-6615266
6761666,Appartement Haut Standing,Appartements à vendre,199000000.00,XOF,Mermoz,Dakar,3,200,"16. juin, 16:33",https://www.expat-dakar.com/annonce/appartement-haut-standing-6761666
6532158,Villa R+1 Titre Foncier individuel à vendre à Diacksao 2,Appartements à vendre,90000000.00,XOF,Thiaroye,Dakar,,250,"15. juin, 17:24",https://www.expat-dakar.com/annonce/villa-r1-titre-foncier-individuel-a-vendre-a-diacksao-2-6532158
6758944,Penthouss à vendre aux Almadie vue mer route de méridienne,Appartements à vendre,950000000.00,XOF,Almadies,Dakar,4,582,"15. juin, 10:33",https://www.expat-dakar.com/annonce/penthouss-a-vendre-aux-almadie-vue-mer-route-de-meridienne-6758944
6372121,De bels Apparts à vendre à Yoff Virage,Appartements à vendre,120000000.00,XOF,Virage,Dakar,3,130,"12. juin, 15:42",https://www.expat-dakar.com/annonce/de-bels-apparts-a-vendre-a-yoff-virage-6372121
6688341,Appartements T4 neufs à vendre –  Ville Verte au Lac Rose,Appartements à vendre,1.00,XOF,Lac Rose,Dakar,,108,"12. juin, 13:46",https://www.expat-dakar.com/annonce/appartements-t4-neufs-a-vendre-ville-verte-au-lac-rose-6688341
6688299,Appartements T3 neufs à vendre –  Ville Verte au Lac Rose,Appartements à vendre,59500000.00,XOF,Lac Rose,Dakar,,96,"12. juin, 13:46",https://www.expat-dakar.com/annonce/appartements-t3-neufs-a-vendre-ville-verte-au-lac-rose-6688299
6688177,Appartements T2 neufs à vendre –  Ville Verte au Lac Rose,Appartements à vendre,40000000.00,XOF,Lac Rose,Dakar,,69,"12. juin, 13:45",https://www.expat-dakar.com/annonce/appartements-t2-neufs-a-vendre-ville-verte-au-lac-rose-6688177
6756071,Appartement T4 à vendre,Appartements à vendre,135000000.00,XOF,Amitié,Dakar,3,,"12. juin, 11:38",https://www.expat-dakar.com/annonce/appartement-t4-a-vendre-6756071
6755978,APPARTEMENT DE TYPE F4 EN VENTE A CASTOR,Appartements à vendre,86977500.00,XOF,Castor,Dakar,3,115,"11. juin, 12:39",https://www.expat-dakar.com/annonce/appartement-de-type-f4-en-vente-a-castor-6755978
6755923,APPARTEMENT DE TYPE F3 EN VENTE A CASTOR,Appartements à vendre,58003200.00,XOF,Castor,Dakar,2,76,"11. juin, 12:19",https://www.expat-dakar.com/annonce/appartement-de-type-f3-en-vente-a-castor-6755923
6755895,APPARTEMENT DE TYPE F2 EN VENTE A CASTOR,Appartements à vendre,31718500.00,XOF,Castor,Dakar,1,40,"11. juin, 12:12",https://www.expat-dakar.com/annonce/appartement-de-type-f2-en-vente-a-castor-6755895
6755862,APPARTEMENT DE TYPE F4 EN VENTE A LIBERTE 5,Appartements à vendre,115000000.00,XOF,Liberte 5,Dakar,3,144,"11. juin, 11:32",https://www.expat-dakar.com/annonce/appartement-de-type-f4-en-vente-a-liberte-5-6755862
6755830,APPARTEMENT DE TYPE F4 EN VENTE A LIBERTE 6,Appartements à vendre,175000000.00,XOF,Liberte 6,Dakar,3,201,"11. juin, 11:15",https://www.expat-dakar.com/annonce/appartement-de-type-f4-en-vente-a-liberte-6-6755830
6755826,APPARTEMENT DE TYPE F4 EN VENTE AU POINT E,Appartements à vendre,168587000.00,XOF,Point-e,Dakar,3,170,"11. juin, 11:02",https://www.expat-dakar.com/annonce/appartement-de-type-f4-en-vente-au-point-e-6755826
6755821,APPARTEMENT DE TYPE F3 EN VENTE AU POINT E,Appartements à vendre,128828000.00,XOF,Point-e,Dakar,2,130,"11. juin, 10:51",https://www.expat-dakar.com/annonce/appartement-de-type-f3-en-vente-au-point-e-6755821
6755805,APPARTEMENT DE TYPE F3 EN VENTE AU POINT E,Appartements à vendre,129759000.00,XOF,Point-e,Dakar,2,131,"11. juin, 10:44",https://www.expat-dakar.com/annonce/appartement-de-type-f3-en-vente-au-point-e-6755805
6755771,APPARTEMENT DE TYPE F2 EN VENTE AU POINT E,Appartements à vendre,64000000.00,XOF,Point-e,Dakar,1,67,"11. juin, 10:35",https://www.expat-dakar.com/annonce/appartement-de-type-f2-en-vente-au-point-e-6755771
6754847,APPARTEMENT DE TYPE F5 EN VENTE AU PLATEAU,Appartements à vendre,680000000.00,XOF,Plateau,Dakar,4,340,"10. juin, 17:24",https://www.expat-dakar.com/annonce/appartement-de-type-f5-en-vente-au-plateau-6754847
6754761,APPARTEMENT DE TYPE F5 EN VENTE AU PLATEAU,Appartements à vendre,550000000.00,XOF,Plateau,Dakar,4,250,"10. juin, 17:13",https://www.expat-dakar.com/annonce/appartement-de-type-f5-en-vente-au-plateau-6754761
6754831,Ref_4230_GL Appartement  à vendre  aux Maristes,Appartements à vendre,160000000.00,XOF,Hann maristes,Dakar,3,150,"10. juin, 16:44",https://www.expat-dakar.com/annonce/ref-4230-gl-appartement-a-vendre-aux-maristes-6754831
6754825,APPARTEMENT F4 À VENDRE À FANN MERMOZ,Appartements à vendre,200000000.00,XOF,Fann,Dakar,3,167,"10. juin, 16:33",https://www.expat-dakar.com/annonce/appartement-f4-a-vendre-a-fann-mermoz-6754825
6753679,APPARTEMENT DE TYPE F5 EN VENTE A MERMOZ,Appartements à vendre,233500000.00,XOF,Mermoz,Dakar,4,225,"9. juin, 17:17",https://www.expat-dakar.com/annonce/appartement-de-type-f5-en-vente-a-mermoz-6753679
6753687,APPARTEMENT DE TYPE F4 EN VENTE AU PLATEAU,Appartements à vendre,2000000.00,XOF,Plateau,Dakar,3,,"9. juin, 17:15",https://www.expat-dakar.com/annonce/appartement-de-type-f4-en-vente-au-plateau-6753687
6726627,Appartement Futuriste à vendre,Appartements à vendre,173000000.00,XOF,VDN,Dakar,3,200,"3. juin, 12:18",https://www.expat-dakar.com/annonce/appartement-futuriste-a-vendre-6726627
6753665,APPARTEMENT DE TYPE F4 EN VENTE A MERMOZ,Appartements à vendre,175000000.00,XOF,Mermoz,Dakar,3,161,"9. juin, 16:38",https://www.expat-dakar.com/annonce/appartement-de-type-f4-en-vente-a-mermoz-6753665
6753637,PENTHOUSE EN VENTE A MERMOZ,Appartements à vendre,420000000.00,XOF,Mermoz,Dakar,4,308,"9. juin, 15:56",https://www.expat-dakar.com/annonce/penthouse-en-vente-a-mermoz-6753637
6753621,APPARTEMENT DE TYPE F4 EN VENTE A MERMOZ,Appartements à vendre,230000000.00,XOF,Mermoz,Dakar,3,196,"9. juin, 15:23",https://www.expat-dakar.com/annonce/appartement-de-type-f4-en-vente-a-mermoz-6753621
6628165,À VENDRE F5 HAUT STANDING–VIRAGE,Appartements à vendre,199000000.00,XOF,Virage,Dakar,4,200,"9. juin, 09:50",https://www.expat-dakar.com/annonce/a-vendre-f5-haut-standing-virage-6628165
6744420,APPARTEMENT F4 À VENDRE À MERMOZ,Appartements à vendre,150000000.00,XOF,Mermoz,Dakar,3,153,"4. juin, 09:25",https://www.expat-dakar.com/annonce/appartement-f4-a-vendre-a-mermoz-6744420
6744507,APPARTEMENTS F4 À VENDRE À LIBERTÉ 1,Appartements à vendre,129000000.00,XOF,Liberte 1,Dakar,3,177,"4. juin, 10:38",https://www.expat-dakar.com/annonce/appartements-f4-a-vendre-a-liberte-1-6744507
6746390,APPARTEMENT F2 À VENDRE À AMITIÉ 1,Appartements à vendre,82000000.00,XOF,Amitié,Dakar,1,54,"5. juin, 16:41",https://www.expat-dakar.com/annonce/appartement-f2-a-vendre-a-amitie-1-6746390
6723450,Appartement à vendre aux Almadies en VEFA (route King Fahd),Appartements à vendre,0.00,XOF,Almadies,Dakar,3,192,"7. juin, 10:18",https://www.expat-dakar.com/annonce/appartement-a-vendre-aux-almadies-en-vefa-route-king-fahd-6723450
6729610,Appartement à vendre au Virage,Appartements à vendre,220000000.00,XOF,Virage,Dakar,4,220,"7. juin, 10:17",https://www.expat-dakar.com/annonce/appartement-a-vendre-au-virage-6729610
6598105,Appartement de type F4 à ADDOHA Cité de l'émergence,Appartements à vendre,70000000.00,XOF,Dakar,Dakar,3,,"7. juin, 01:21",https://www.expat-dakar.com/annonce/appartement-de-type-f4-a-addoha-cite-de-lemergence-6598105
6664014,Mermoz - Appartement de standing – 3 chambres,Appartements à vendre,210000000.00,XOF,Mermoz,Dakar,3,200,"5. juin, 10:43",https://www.expat-dakar.com/annonce/mermoz-appartement-de-standing-3-chambres-6664014
6453099,Bel appartement à vendre au Point E,Appartements à vendre,110000000.00,XOF,Point-e,Dakar,2,,"20. juil., 12:46",https://www.expat-dakar.com/annonce/bel-appartement-a-vendre-au-point-e-6453099
6628195,À VENDRE F4 HAUT STANDING–VIRAGE,Appartements à vendre,150000000.00,XOF,Virage,Dakar,3,160,"3. juin, 10:18",https://www.expat-dakar.com/annonce/a-vendre-f4-haut-standing-virage-6628195
6736231,APPARTEMENT DE 366 M² - VUE PANORAMIQUE SUR L'OCÉAN,Appartements à vendre,650000000.00,XOF,Plateau,Dakar,,366,"2. juin, 09:15",https://www.expat-dakar.com/annonce/appartement-de-366-m2-vue-panoramique-sur-locean-6736231
6517519,Appartement à vendre à fann mermoz,Appartements à vendre,200000000.00,XOF,Almadies,Dakar,,,"1. juin, 17:35",https://www.expat-dakar.com/annonce/appartement-a-vendre-a-fann-mermoz-6517519
6729388,Bel appartement à vendre vue mer Almadies,Appartements à vendre,130000000.00,XOF,Almadies,Dakar,,,"1. juin, 17:03",https://www.expat-dakar.com/annonce/bel-appartement-a-vendre-vue-mer-almadies-6729388
6503342,MERMOZ : Appartement 3 chambres à vendre – Adja Louise,Appartements à vendre,250000000.00,XOF,Mermoz,Dakar,3,,"1. juin, 15:57",https://www.expat-dakar.com/annonce/mermoz-appartement-3-chambres-a-vendre-adja-louise-6503342
6583532,Ref_4217_GL  Appartement à vendre à Fann Résidence,Appartements à vendre,120000000.00,XOF,Fann,Dakar,2,90,"1. juin, 13:44",https://www.expat-dakar.com/annonce/ref-4217-gl-appartement-a-vendre-a-fann-residence-6583532
6681797,Vente Appartement haut standing Dakar plateau,Appartements à vendre,306000000.00,XOF,Plateau,Dakar,2,170,"31. mai, 14:48",https://www.expat-dakar.com/annonce/vente-appartement-haut-standing-dakar-plateau-6681797
6737857,Studio à vendre à la Cité Mixta,Appartements à vendre,20000000.00,XOF,Cite Mixta,Dakar,1,52,"29. mai, 14:17",https://www.expat-dakar.com/annonce/studio-a-vendre-a-la-cite-mixta-6737857
6737853,Studio à vendre à la Cité Mixta,Appartements à vendre,22000000.00,XOF,Cite Mixta,Dakar,1,69,"29. mai, 14:17",https://www.expat-dakar.com/annonce/studio-a-vendre-a-la-cite-mixta-6737853
6628089,À vendre  appartement de deux chambres salon,Appartements à vendre,50000000.00,XOF,Hann maristes,Dakar,2,102,"26. mai, 15:14",https://www.expat-dakar.com/annonce/a-vendre-appartement-de-deux-chambres-salon-6628089
6473974,Appartement à vendre à la corniche Almadies,Appartements à vendre,190000000.00,XOF,Corniche,Dakar,3,,"24. mai, 18:13",https://www.expat-dakar.com/annonce/appartement-a-vendre-a-la-corniche-almadies-6473974
6575899,F4 de 135 m² à vendre cité Sipres VDN,Appartements à vendre,85000000.00,XOF,VDN,Dakar,3,135,"28. juin, 20:57",https://www.expat-dakar.com/annonce/f4-de-135-m2-a-vendre-cite-sipres-vdn-6575899
6693511,Appartement à vendre à  Liberté 1,Appartements à vendre,140000000.00,XOF,Liberte 1,Dakar,3,174,"23. mai, 06:44",https://www.expat-dakar.com/annonce/appartement-a-vendre-a-liberte-1-6693511
6732037,Appartement F3 à Vendre à DIAMNIADIO au sein de la Cité SDC,Appartements à vendre,38000000.00,XOF,Diamniadio,Dakar,2,90,"22. mai, 15:09",https://www.expat-dakar.com/annonce/appartement-f3-a-vendre-a-diamniadio-au-sein-de-la-cite-sdc-6732037
6727838,APPARTEMENT F4 À CITÉ MBAKIYOU FAYE,Appartements à vendre,95000000.00,XOF,Mamelles,Dakar,,145,"20. mai, 08:54",https://www.expat-dakar.com/annonce/appartement-f4-a-cite-mbakiyou-faye-6727838
6722710,F4 de luxe au Virage avec Vue sur Mer,Appartements à vendre,186000000.00,XOF,Virage,Dakar,3,170,"21. mai, 10:38",https://www.expat-dakar.com/annonce/f4-de-luxe-au-virage-avec-vue-sur-mer-6722710
6688485,Appartements T5 neufs à vendre –  Ville Verte au Lac Rose,Appartements à vendre,1.00,XOF,Lac Rose,Dakar,,138,"20. mai, 10:34",https://www.expat-dakar.com/annonce/appartements-t5-neufs-a-vendre-ville-verte-au-lac-rose-6688485
6535673,Appartement F5 traversant au 2ème étage - Résidence Sahara,Appartements à vendre,260000000.00,XOF,Ouakam,Dakar,4,158,"19. mai, 18:57",https://www.expat-dakar.com/annonce/appartement-f5-traversant-au-2eme-etage-residence-sahara-6535673
6567596,Appartement à vendre à Mermoz,Appartements à vendre,140000000.00,XOF,Mermoz,Dakar,3,170,"24. mai, 07:59",https://www.expat-dakar.com/annonce/appartement-a-vendre-a-mermoz-6567596
6175710,Appartement F3 de Standing au Virage,Appartements à vendre,95000000.00,XOF,Virage,Dakar,2,95,"18. mai, 08:51",https://www.expat-dakar.com/annonce/appartement-f3-de-standing-au-virage-6175710
6437694,F3 de 150 m² à vendre corniche ouest ouakam,Appartements à vendre,85000000.00,XOF,Ouakam,Dakar,2,153,"18. mai, 11:34",https://www.expat-dakar.com/annonce/f3-de-150-m2-a-vendre-corniche-ouest-ouakam-6437694
6400957,F4 & F5 vue sur mer à vendre et à louer aux mamelles,Appartements à vendre,236250000.00,XOF,Mamelles,Dakar,3,189,"13. mai, 17:01",https://www.expat-dakar.com/annonce/f4-f5-vue-sur-mer-a-vendre-et-a-louer-aux-mamelles-6400957
6400697,F4 Neuf et moderne à vendre à liberté 6,Appartements à vendre,90000000.00,XOF,Liberte 6,Dakar,3,140,"13. mai, 17:00",https://www.expat-dakar.com/annonce/f4-neuf-et-moderne-a-vendre-a-liberte-6-6400697
6170913,F4 et F5 à vendre Fann mermoz,Appartements à vendre,231764000.00,XOF,Fann,Dakar,3,178,"13. mai, 17:00",https://www.expat-dakar.com/annonce/f4-et-f5-a-vendre-fann-mermoz-6170913
6291231,F4 Neuf avec toutes les commodités à vendre à liberté 4,Appartements à vendre,175000000.00,XOF,Sicap Liberté,Dakar,3,178,"13. mai, 16:59",https://www.expat-dakar.com/annonce/f4-neuf-avec-toutes-les-commodites-a-vendre-a-liberte-4-6291231
6721278,Immeuble R+3 à vendre aux Mamelles,Appartements à vendre,265000000.00,XOF,Mamelles,Dakar,3,,"22. mai, 12:35",https://www.expat-dakar.com/annonce/immeuble-r3-a-vendre-aux-mamelles-6721278
6719529,Appartement vue mer à vendre corniche Ouakan cité africa,Appartements à vendre,460000000.00,XOF,Ouakam,Dakar,3,321,"31. mai, 23:05",https://www.expat-dakar.com/annonce/appartement-vue-mer-a-vendre-corniche-ouakan-cite-africa-6719529
6720872,APPARTEMENT F2 F3 F4 À VENDRE À MERMOZ,Appartements à vendre,52000000.00,XOF,Mermoz,Dakar,1,40,"13. mai, 12:47",https://www.expat-dakar.com/annonce/appartement-f2-f3-f4-a-vendre-a-mermoz-6720872
6720743,APPARTEMENTS F2 F3 F4 À VENDRE À MERMOZ,Appartements à vendre,83200000.00,XOF,Mermoz,Dakar,1,64,"13. mai, 11:11",https://www.expat-dakar.com/annonce/appartements-f2-f3-f4-a-vendre-a-mermoz-6720743
6452340,RÉSIDENCE PIERRE DE LUNE À LA ZONE B,Appartements à vendre,75000000.00,XOF,Amitié,Dakar,,125,"13. mai, 10:48",https://www.expat-dakar.com/annonce/residence-pierre-de-lune-a-la-zone-b-6452340
6557833,Appartement à vendre aux Almadies,Appartements à vendre,0.00,XOF,Almadies,Dakar,3,264,"13. mai, 09:14",https://www.expat-dakar.com/annonce/appartement-a-vendre-aux-almadies-6557833
6716515,F4 neuf à vendre aux Almadies,Appartements à vendre,200000000.00,XOF,Almadies,Dakar,2,157,"11. mai, 22:42",https://www.expat-dakar.com/annonce/f4-neuf-a-vendre-aux-almadies-6716515
6367066,Bel appartement à vendre maristes,Appartements à vendre,60000000.00,XOF,Hann maristes,Dakar,2,150,"Hier, 22:36",https://www.expat-dakar.com/annonce/bel-appartement-a-vendre-maristes-6367066
6692415,Appartement NEUF F4 À Mermoz,Appartements à vendre,230000000.00,XOF,Mermoz,Dakar,3,230,"10. mai, 18:02",https://www.expat-dakar.com/annonce/appartement-neuf-f4-a-mermoz-6692415
6716045,Appt F3 Bis /F4 à Vendre aux Almadies Paiement Flexible,Appartements à vendre,146000000.00,XOF,Almadies,Dakar,3,173,"9. mai, 18:19",https://www.expat-dakar.com/annonce/appt-f3-bis-f4-a-vendre-aux-almadies-paiement-flexible-6716045
6715585,A vendre Duplex F5 9 ème et 10 ème étage,Appartements à vendre,350000000.00,XOF,Almadies,Dakar,4,415,"8. mai, 21:38",https://www.expat-dakar.com/annonce/a-vendre-duplex-f5-9-eme-et-10-eme-etage-6715585
6715177,Appartement à louer vide à Ouakam,Appartements à vendre,110000000.00,XOF,Ouakam,Dakar,2,,"2. juil., 12:13",https://www.expat-dakar.com/annonce/appartement-a-louer-vide-a-ouakam-6715177
6711944,APPARTEMENTS F3 ET F4 À VENDRE À LA ZONE B,Appartements à vendre,85000000.00,XOF,Dakar,Dakar,2,136,"7. mai, 10:35",https://www.expat-dakar.com/annonce/appartements-f3-et-f4-a-vendre-a-la-zone-b-6711944
6711967,Parcelles à Vendre - LAC ROSE,Appartements à vendre,10000000.00,XOF,Lac rose,Dakar,,150,"7. mai, 09:30",https://www.expat-dakar.com/annonce/parcelles-a-vendre-lac-rose-6711967
6503323,Studio à vendre Ngor almadies,Appartements à vendre,50000000.00,XOF,Almadies,Dakar,1,45,"8. juin, 16:18",https://www.expat-dakar.com/annonce/studio-a-vendre-ngor-almadies-6503323
6664042,Appartement à vendre à Onomo Yoff sous location,Appartements à vendre,98000000.00,XOF,Yoff,Dakar,3,140,"6. mai, 05:59",https://www.expat-dakar.com/annonce/appartement-a-vendre-a-onomo-yoff-sous-location-6664042
6711936,F5 de 225 m² à vendre à Mermoz,Appartements à vendre,230000000.00,XOF,Mermoz,Dakar,4,228,"5. mai, 16:27",https://www.expat-dakar.com/annonce/f5-de-225-m2-a-vendre-a-mermoz-6711936
6711931,F4 de 160 m² neuf visible à Mermoz,Appartements à vendre,175000000.00,XOF,Mermoz,Dakar,3,160,"5. mai, 16:10",https://www.expat-dakar.com/annonce/f4-de-160-m2-neuf-visible-a-mermoz-6711931
6711924,F4 de 210 m² à vendre à Fann résidence,Appartements à vendre,300000000.00,XOF,Fann,Dakar,3,210,"5. mai, 15:59",https://www.expat-dakar.com/annonce/f4-de-210-m2-a-vendre-a-fann-residence-6711924
6711921,F4 de 175 m² neuf visible à Ngor Almadies,Appartements à vendre,150000000.00,XOF,Almadies,Dakar,3,175,"5. mai, 15:49",https://www.expat-dakar.com/annonce/f4-de-175-m2-neuf-visible-a-ngor-almadies-6711921
6711195,Appartements à vendre à Nguerigne,Appartements à vendre,71500000.00,XOF,Nguering,Thiès,3,,"5. juin, 11:11",https://www.expat-dakar.com/annonce/appartements-a-vendre-a-nguerigne-6711195
6711191,Appartements à vendre à Nguerigne,Appartements à vendre,39000000.00,XOF,Nguering,Thiès,1,50,"23. mai, 11:09",https://www.expat-dakar.com/annonce/appartements-a-vendre-a-nguerigne-6711191
6701649,Appartements ensoleillé à vendre,Appartements à vendre,219000000.00,XOF,Almadies,Dakar,3,180,"7. juil., 11:18",https://www.expat-dakar.com/annonce/appartements-ensoleille-a-vendre-6701649
6707016,Trois chambres salon à vendre,Appartements à vendre,180000000.00,XOF,Almadies,Dakar,3,200,"30. avr., 14:30",https://www.expat-dakar.com/annonce/trois-chambres-salon-a-vendre-6707016
6583478,Appartement F4 Haut Standing à Vendre – Point E,Appartements à vendre,1.00,XOF,Point-e,Dakar,3,271,"30. avr., 15:43",https://www.expat-dakar.com/annonce/appartement-f4-haut-standing-a-vendre-point-e-6583478
6705912,Appartement à vendre aux Almadies,Appartements à vendre,295000000.00,XOF,Almadies,Dakar,3,218,"29. avr., 16:52",https://www.expat-dakar.com/annonce/appartement-a-vendre-aux-almadies-6705912
6704764,Smart Appartements à vendre,Appartements à vendre,65000000.00,XOF,Sacré-cœur,Dakar,1,52,"29. avr., 08:49",https://www.expat-dakar.com/annonce/smart-appartements-a-vendre-6704764
6616877,Appartement F4 à vendre Almadies Ngor Récipalm,Appartements à vendre,165000000.00,XOF,Ngor,Dakar,3,175,"28. avr., 15:17",https://www.expat-dakar.com/annonce/appartement-f4-a-vendre-almadies-ngor-recipalm-6616877
6637601,Studio à vendre à Ngor,Appartements à vendre,70000000.00,XOF,Ngor,Dakar,,,"28. avr., 11:03",https://www.expat-dakar.com/annonce/studio-a-vendre-a-ngor-6637601
6671139,Ref_4220_PL – Appartement F4 à vendre – Point E,Appartements à vendre,150000000.00,XOF,Point-e,Dakar,3,,"27. avr., 16:27",https://www.expat-dakar.com/annonce/ref-4220-pl-appartement-f4-a-vendre-point-e-6671139
6583100,APPARTEMENT DE STANDING À VENDRE MAMELLE,Appartements à vendre,120000000.00,XOF,Mamelles,Dakar,3,115,"27. avr., 14:32",https://www.expat-dakar.com/annonce/appartement-de-standing-a-vendre-mamelle-6583100
6701575,F4 Neuf de 154m² visible à Amitié 2,Appartements à vendre,150000000.00,XOF,Amitié,Dakar,3,154,"26. avr., 16:33",https://www.expat-dakar.com/annonce/f4-neuf-de-154m2-visible-a-amitie-2-6701575
6701299,F4 de 208 m ² à vendre au point e,Appartements à vendre,209999998.00,XOF,Point-e,Dakar,3,208,"23. mai, 13:49",https://www.expat-dakar.com/annonce/f4-de-208-m-2-a-vendre-au-point-e-6701299
6551165,🏝️ APPARTEMENTS DE LUXE – FANN MERMOZ,Appartements à vendre,2000000.00,XOF,Fann,Dakar,4,300,"24. avr., 22:11",https://www.expat-dakar.com/annonce/appartements-de-luxe-fann-mermoz-6551165
6700571,DUPLEX A VENDRE FACE A LA BAIE DE SOUMBEDIOUNE A DAKAR,Appartements à vendre,360000000.00,XOF,Fann Hock,Dakar,,,"24. avr., 15:45",https://www.expat-dakar.com/annonce/duplex-a-vendre-face-a-la-baie-de-soumbedioune-a-dakar-6700571
6682828,À vendre – F2 neuf de standing entièrement meublé au Point E,Appartements à vendre,62000000.00,XOF,Point-e,Dakar,1,49,"24. avr., 13:00",https://www.expat-dakar.com/annonce/a-vendre-f2-neuf-de-standing-entierement-meuble-au-point-e-6682828
6693456,F3 à vendre sur l'Avenue Cheikh Anta Diop,Appartements à vendre,170000000.00,XOF,Mermoz,Dakar,3,148,"lundi, 13:49",https://www.expat-dakar.com/annonce/f3-a-vendre-sur-lavenue-cheikh-anta-diop-6693456
6691175,Appartement à vendre a ngor Almadie derrière Casino,Appartements à vendre,360000000.00,XOF,Almadies,Dakar,3,215,"3. juin, 20:15",https://www.expat-dakar.com/annonce/appartement-a-vendre-a-ngor-almadie-derriere-casino-6691175
6263004,Résidence Jamila F3/F4 à Castor,Appartements à vendre,60000000.00,XOF,Castor,Dakar,2,,"20. juil., 10:15",https://www.expat-dakar.com/annonce/residence-jamila-f3f4-a-castor-6263004
6675989,Roof top F5 à vendre aux Almadie route King watts vue mer,Appartements à vendre,777400000.00,XOF,Almadies,Dakar,4,598,"7. août, 01:03",https://www.expat-dakar.com/annonce/roof-top-f5-a-vendre-aux-almadie-route-king-watts-vue-mer-6675989
6672991,Penthouse F5 à vendre Almadies King Fadh,Appartements à vendre,717600000.00,XOF,Almadies,Dakar,4,598,"27. juin, 21:13",https://www.expat-dakar.com/annonce/penthouse-f5-a-vendre-almadies-king-fadh-6672991
6672976,Bel appartement type F4 au 7ème étage,Appartements à vendre,140000000.00,XOF,Ngor,Dakar,3,150,"9. juin, 22:47",https://www.expat-dakar.com/annonce/bel-appartement-type-f4-au-7eme-etage-6672976
6672687,Roof top à vendre F5 corniche ouest fan résidence,Appartements à vendre,700000000.00,XOF,Fann,Dakar,4,400,"7. août, 01:04",https://www.expat-dakar.com/annonce/roof-top-a-vendre-f5-corniche-ouest-fan-residence-6672687
6665464,RDC F 4 à vendre corniche ouest à fan résidence,Appartements à vendre,350000000.00,XOF,Fann,Dakar,3,198,"21. juil., 10:12",https://www.expat-dakar.com/annonce/rdc-f-4-a-vendre-corniche-ouest-a-fan-residence-6665464
6665432,Corniche ouest fan résidence F4 à vendre vu mer,Appartements à vendre,460000000.00,XOF,Fann,Dakar,3,198,"21. juil., 10:14",https://www.expat-dakar.com/annonce/corniche-ouest-fan-residence-f4-a-vendre-vu-mer-6665432
6647707,Appartement à vendre pieds dans l’eau à fan résidence,Appartements à vendre,800000000.00,XOF,Fann,Dakar,4,395,"8. juil., 15:17",https://www.expat-dakar.com/annonce/appartement-a-vendre-pieds-dans-leau-a-fan-residence-6647707
6646897,Appartement à vendre vue mer f5 et f4 à fan résidence,Appartements à vendre,900000000.00,XOF,Fann,Dakar,4,438,"31. mai, 23:09",https://www.expat-dakar.com/annonce/appartement-a-vendre-vue-mer-f5-et-f4-a-fan-residence-6646897
6420905,F4 à vendre au point e au 8 ème étage  208 m²,Appartements à vendre,209999997.00,XOF,Point-e,Dakar,3,208,"18. mai, 11:47",https://www.expat-dakar.com/annonce/f4-a-vendre-au-point-e-au-8-eme-etage-208-m2-6420905
6463759,Appartement à vendre aux Almadie 3 chambres vue mer,Appartements à vendre,300000000.00,XOF,Almadies,Dakar,3,204,"28. juil., 19:11",https://www.expat-dakar.com/annonce/appartement-a-vendre-aux-almadie-3-chambres-vue-mer-6463759
6633788,Apparemment à vendre aux Almadies route Méridien,Appartements à vendre,396000000.00,XOF,Almadies,Dakar,3,264,"29. juin, 11:44",https://www.expat-dakar.com/annonce/apparemment-a-vendre-aux-almadies-route-meridien-6633788
6635130,Appartement à vendre aux Almadie de 2 chambres salon,Appartements à vendre,277500000.00,XOF,Almadies,Dakar,2,185,"28. juin, 18:36",https://www.expat-dakar.com/annonce/appartement-a-vendre-aux-almadie-de-2-chambres-salon-6635130
6635088,Bel Appartement vue sur mer aux Alamdies,Appartements à vendre,382800000.00,XOF,Almadies,Dakar,3,,"28. juil., 19:15",https://www.expat-dakar.com/annonce/bel-appartement-vue-sur-mer-aux-alamdies-6635088
5967050,Appartement à vendre àux plateau à côté de Poulmane,Appartements à vendre,554000000.00,XOF,Plateau,Dakar,3,277,"21. juin, 19:33",https://www.expat-dakar.com/annonce/appartement-a-vendre-aux-plateau-a-cote-de-poulmane-5967050
6613271,Maison à vendre aux Almadie derrière Philippe Moris,Appartements à vendre,500000000.00,XOF,Almadies,Dakar,5,506,"24. juin, 10:49",https://www.expat-dakar.com/annonce/maison-a-vendre-aux-almadie-derriere-philippe-moris-6613271
6611468,Appartement à vendre à sacré cœur 2 rue goudronnée,Appartements à vendre,180000000.00,XOF,Sacré-cœur,Dakar,3,165,"11. juin, 15:13",https://www.expat-dakar.com/annonce/appartement-a-vendre-a-sacre-coeur-2-rue-goudronnee-6611468
6596160,Appartement à vendre sur la corniche du plateau,Appartements à vendre,500000000.00,XOF,Corniche,Dakar,3,,"6. juin, 00:38",https://www.expat-dakar.com/annonce/appartement-a-vendre-sur-la-corniche-du-plateau-6596160
6579182,Appartement très Lumineux à vendre,Appartements à vendre,159000000.00,XOF,Liberte 5,Dakar,3,180,"27. avr., 09:04",https://www.expat-dakar.com/annonce/appartement-tres-lumineux-a-vendre-6579182
6517436,Fan résidence appartement à vendre vue sur mer,Appartements à vendre,620000000.00,XOF,Fann,Dakar,3,248,"18. juil., 09:57",https://www.expat-dakar.com/annonce/fan-residence-appartement-a-vendre-vue-sur-mer-6517436
6531960,Appartement  F4 sur la corniche de Fann résidence,Appartements à vendre,340000000.00,XOF,Fann,Dakar,3,,"15. juil., 15:00",https://www.expat-dakar.com/annonce/appartement-f4-sur-la-corniche-de-fann-residence-6531960
6276453,Appartement à vendre corniche fan résidence vue mer,Appartements à vendre,685000000.00,XOF,Fann,Dakar,4,299,"11. juin, 16:20",https://www.expat-dakar.com/annonce/appartement-a-vendre-corniche-fan-residence-vue-mer-6276453
6464928,Appartement à vendre aux Almadie 4 chambres King watts,Appartements à vendre,360000000.00,XOF,Almadies,Dakar,4,315,"27. avr., 19:27",https://www.expat-dakar.com/annonce/appartement-a-vendre-aux-almadie-4-chambres-king-watts-6464928
6460547,Appartement à vendre aux Almadie derrière Philippe Moris,Appartements à vendre,250000000.00,XOF,Almadies,Dakar,3,235,"mardi, 14:26",https://www.expat-dakar.com/annonce/appartement-a-vendre-aux-almadie-derriere-philippe-moris-6460547
6460510,Appartement à vendre aux points e neuf jamais habité,Appartements à vendre,260000000.00,XOF,Point-e,Dakar,3,239,"mardi, 14:28",https://www.expat-dakar.com/annonce/appartement-a-vendre-aux-points-e-neuf-jamais-habite-6460510
6430619,Appartement à vendre Point E,Appartements à vendre,180000000.00,XOF,Point-e,Dakar,3,160,"28. juil., 19:22",https://www.expat-dakar.com/annonce/appartement-a-vendre-point-e-6430619
